#{"t_start": 1751032085.9401686, "env_id": "None"}
r,l,t
21.72,14,0.887714
16.97,11,0.891713
23.0,15,0.899009
46.14,28,0.909033
6.13,5,0.911009
5.57,4,0.913009
38.71,24,0.922009
0.95,1,0.922009
0.95,1,0.922009
13.51,9,0.92601
15.93,11,0.930025
18.16,11,0.934009
4.61,3,0.935009
17.88,13,0.94001
17.3,12,0.94501
24.71,17,0.950936
7.7,6,0.953056
38.23,22,0.963062
4.51,4,0.965063
56.2,34,0.977278
62.1,38,0.992578
24.85,17,0.999578
49.96,30,1.012841
20.33,14,1.017817
8.6,5,1.019817
5.49,4,1.021817
6.2,5,1.023818
24.57,17,1.02982
11.17,8,1.033817
17.25,12,1.037818
0.95,1,1.038817
20.24,14,1.043818
19.47,13,1.048818
2.62,3,1.049818
1.16,1,1.050818
1.16,1,1.050818
59.96,39,1.066818
79.11,49,1.088197
0.95,1,1.089684
89.0,50,1.109735
25.59,17,1.116723
7.26,5,1.118721
6.97,5,1.120722
16.98,10,1.124745
17.77,12,1.129724
0.74,1,1.129724
49.55,30,1.141723
38.95,22,1.150721
8.96,6,1.153723
25.74,17,1.159722
16.33,10,1.163722
5.64,4,1.165745
82.56,50,1.185723
6.74,4,1.187723
9.46,7,1.189746
15.28,11,1.194722
26.52,16,1.200722
20.45,13,1.205723
38.0,23,1.214835
38.31,24,1.224065
3.11,2,1.225065
10.99,7,1.228065
7.9,5,1.230065
4.61,3,1.231064
0.95,1,1.232064
4.05,3,1.233065
1.16,1,1.233065
17.45,12,1.238064
84.84,50,1.258065
14.38,9,1.261064
82.28,50,1.281065
26.29,16,1.286366
46.17,30,1.29838
83.91,50,1.317367
12.75,8,1.320369
19.26,10,1.324367
2.89,2,1.325367
18.65,13,1.329367
4.76,3,1.331367
13.6,9,1.335368
5.61,4,1.336366
18.71,13,1.341368
15.06,11,1.345371
50.8,29,1.356567
81.41,50,1.37631
22.51,13,1.381293
17.47,11,1.385293
27.21,17,1.392293
15.89,9,1.395292
66.71,42,1.412138
26.23,17,1.420281
41.14,27,1.431236
1.16,1,1.431798
13.3,9,1.435799
5.77,4,1.437798
40.67,24,1.446797
45.8,28,1.458797
3.02,2,1.458797
4.36,3,1.460797
5.89,4,1.461797
38.46,24,1.471801
2.26,2,1.471801
7.76,5,1.473798
1.68,2,1.474798
0.67,1,1.475837
0.0,1,1.475837
13.55,9,1.479799
25.78,18,1.486797
15.03,10,1.490797
3.55,3,1.491798
10.88,8,1.494798
23.71,14,1.500797
78.71,50,1.519798
3.37,3,1.521799
48.51,29,1.532198
34.01,22,1.541198
22.56,15,1.547198
17.63,11,1.551198
4.77,3,1.55267
48.76,31,1.564183
12.71,8,1.567184
41.94,28,1.578322
10.2,7,1.581322
6.15,4,1.582324
1.18,1,1.583351
4.96,4,1.584322
26.78,17,1.590919
15.76,10,1.59476
52.29,33,1.60677
52.65,33,1.619774
39.15,23,1.628774
65.69,37,1.643295
2.66,2,1.643295
40.76,29,1.654294
48.25,30,1.666295
2.7,3,1.667295
42.55,27,1.677295
2.27,2,1.678296
17.77,11,1.682311
2.3,2,1.683295
19.9,14,1.689295
53.99,33,2.42713
28.1,18,2.434133
18.45,11,2.439131
45.67,28,2.450132
10.4,7,2.45313
30.56,18,2.460131
14.8,10,2.464153
32.95,20,2.471131
0.97,1,2.472132
59.45,36,2.486536
4.32,3,2.487606
21.51,13,2.493501
2.48,2,2.493501
4.97,3,2.494887
18.28,11,2.499887
83.87,50,2.519887
22.51,14,2.526251
39.28,25,2.536271
21.44,13,2.541265
24.5,15,2.548315
12.39,8,2.551315
45.44,28,2.561316
5.7,4,2.563491
37.85,22,2.571511
69.11,38,2.587575
1.02,1,2.587575
11.83,8,2.591575
79.88,50,2.610862
50.93,32,2.62332
14.91,10,2.627321
19.74,12,2.63232
0.95,1,2.63232
1.16,1,2.63332
1.67,2,2.634346
7.91,4,2.635327
63.71,39,2.65132
21.31,13,2.65632
73.86,46,2.674375
12.7,8,2.677562
8.85,5,2.679566
25.45,15,2.685567
36.36,24,2.695567
85.96,50,2.715565
9.55,6,2.717566
17.2,10,2.722567
8.35,6,2.724567
10.26,6,2.727594
37.35,22,2.736565
12.91,8,2.740566
33.15,22,2.748566
3.36,2,2.749566
71.35,45,2.766586
30.11,17,2.773566
5.8,4,2.775567
24.38,14,2.780566
36.69,22,2.789567
77.65,48,2.807362
8.91,7,2.810397
52.46,33,2.823362
1.16,1,2.823362
67.71,39,2.838362
49.66,31,2.850627
0.74,1,2.850627
14.15,9,2.854627
4.1,3,2.855627
73.85,45,2.873005
6.51,4,2.875005
15.66,10,2.877845
18.55,12,2.882844
9.8,7,2.885847
84.45,50,2.904845
47.55,30,2.916327
14.08,10,2.921852
9.31,5,2.923852
59.25,36,2.937852
1.04,1,2.937852
28.2,17,2.944852
24.63,15,2.949852
58.14,34,2.963274
36.55,21,2.971271
70.16,43,2.988074
31.92,19,2.996075
22.92,16,3.002074
32.36,20,3.010074
0.74,1,3.010074
86.92,50,3.030574
46.31,27,3.040573
60.83,39,3.055575
6.17,4,3.057573
2.96,2,3.058573
24.58,15,3.064573
1.16,1,3.064573
45.91,28,3.075579
16.47,10,3.079572
7.4,5,3.081572
7.59,5,3.083572
6.64,5,3.085572
25.67,16,3.091573
44.99,27,3.101572
39.22,24,3.111573
6.46,4,3.112573
25.86,15,3.118573
22.9,16,3.12461
24.05,11,3.129614
39.76,26,3.139614
54.35,33,3.151633
30.2,18,3.158614
6.55,5,3.160614
82.7,50,3.180164
7.12,5,3.182164
30.86,20,3.190164
81.0,49,3.209341
33.26,21,3.217341
3.92,3,3.218348
68.31,39,3.938241
87.63,50,3.957501
9.86,6,3.960737
25.7,14,3.965966
25.39,16,3.971971
20.77,12,3.976339
87.66,50,3.995914
15.6,9,3.999913
90.2,50,4.018913
57.92,37,4.034242
59.38,33,4.047242
6.06,4,4.048241
21.33,12,4.053244
30.71,17,4.059243
48.77,29,4.070808
13.37,9,4.074043
56.75,33,4.087048
40.4,22,4.095012
2.76,2,4.096012
28.14,16,4.102386
16.21,9,4.105386
2.53,2,4.106386
40.98,24,4.116046
50.8,31,4.128047
24.67,15,4.134046
31.58,19,4.141364
87.19,50,4.160365
88.72,50,4.179364
21.25,14,4.184443
49.41,30,4.196308
14.21,9,4.19931
58.64,36,4.213426
31.17,18,4.220424
53.14,33,4.233424
86.24,50,4.252424
82.43,50,4.271318
27.6,17,4.278318
91.85,50,4.297335
2.46,2,4.298335
75.11,44,4.315212
19.01,12,4.320603
88.41,50,4.339603
37.7,20,4.347604
11.81,8,4.350602
29.0,17,4.356604
61.7,36,4.370605
88.1,50,4.389803
88.93,50,4.409808
13.18,9,4.412807
17.52,10,4.416806
18.21,11,4.420821
16.83,10,4.424806
9.12,6,4.427807
38.98,22,4.435663
34.65,19,4.442867
10.92,7,4.445866
9.79,6,4.448869
59.64,32,4.460988
1.16,1,4.460988
2.4,2,4.461988
39.2,26,4.471988
7.36,4,4.472987
18.18,10,4.476988
76.66,49,4.49674
23.7,15,4.503748
15.63,9,4.506744
42.11,25,4.517452
25.28,14,4.523451
34.33,18,4.529453
7.42,5,4.531489
14.06,9,4.535451
85.79,50,4.553822
6.74,4,4.555159
88.95,50,4.574117
23.92,15,4.580129
15.31,9,4.584112
24.38,14,4.589113
17.49,11,4.593112
7.33,4,4.595114
47.1,25,4.604113
39.06,23,4.613114
27.88,17,4.620114
24.55,16,4.626114
26.38,15,4.632113
81.56,47,4.650597
3.17,2,4.651598
40.41,25,4.660598
85.51,50,4.679562
54.34,32,4.692561
73.43,42,4.708561
23.01,13,4.713563
90.83,50,5.443059
89.51,50,5.463059
9.03,5,5.465059
89.41,50,5.484312
0.95,1,5.484312
72.03,41,5.500319
21.6,13,5.505318
86.04,50,5.525318
31.96,16,5.531318
91.77,50,5.551318
74.02,44,5.568458
21.35,13,5.573289
19.15,12,5.578276
20.07,12,5.58228
57.45,35,5.596281
23.97,13,5.601279
19.86,12,5.60528
92.18,50,5.62528
90.84,50,5.644477
62.76,36,5.658133
6.17,4,5.659133
21.46,13,5.665134
19.4,11,5.669133
39.36,24,5.678134
32.9,20,5.686133
88.59,50,5.705024
85.5,50,5.724022
88.7,50,5.744314
48.01,28,5.755304
55.71,31,5.767303
12.16,7,5.769303
85.05,50,5.788832
8.25,5,5.791404
19.16,11,5.795404
23.85,13,5.800404
5.96,4,5.802404
91.72,50,5.821705
38.66,23,5.830344
8.66,5,5.832343
13.36,8,5.835344
56.49,34,5.848356
29.82,18,5.855342
15.65,10,5.859317
2.66,2,5.859317
29.12,16,5.866322
27.66,16,5.872322
23.03,12,5.876322
67.6,40,5.89132
92.29,50,5.910321
22.81,14,5.916393
45.45,26,5.925877
22.35,13,5.930916
37.44,22,5.939212
91.65,50,5.958401
4.82,3,5.959402
85.64,50,5.978402
1.16,1,5.978402
21.4,13,5.983401
89.29,50,6.002959
0.95,1,6.002959
9.1,6,6.005959
24.9,13,6.00996
60.17,36,6.024275
23.71,13,6.029273
1.04,1,6.029273
13.56,7,6.032274
88.6,48,6.050431
3.35,3,6.051454
53.5,30,6.063432
91.48,50,6.081979
89.57,50,6.100973
96.19,50,6.120977
61.46,33,6.133663
75.12,43,6.14985
16.06,9,6.152842
84.58,50,6.171709
22.76,15,6.177535
85.25,48,6.195531
37.72,21,6.203532
20.29,13,6.208532
57.02,29,6.219533
9.8,6,6.922361
89.08,50,6.941345
93.3,50,6.960347
33.9,20,6.968861
46.11,26,6.979039
65.16,37,6.992466
93.47,50,7.011488
53.2,30,7.023004
9.3,6,7.026003
94.04,50,7.044369
55.26,30,7.056368
65.48,35,7.069369
31.66,19,7.07637
2.57,2,7.077371
30.11,17,7.08437
89.76,50,7.103017
81.4,46,7.121018
93.49,50,7.139612
32.53,19,7.147615
91.64,50,7.165956
32.27,18,7.173466
71.88,38,7.187466
95.26,50,7.206347
95.45,50,7.225772
87.38,50,7.244285
58.14,33,7.25729
29.91,16,7.263285
16.01,9,7.266286
35.27,21,7.275285
94.76,50,7.293656
92.38,50,7.312662
93.36,50,7.3323
94.5,50,7.351092
22.82,13,7.356091
41.8,24,7.365091
34.46,19,7.372091
92.28,50,7.391091
27.71,17,7.39809
85.53,50,7.416273
10.61,6,7.418551
45.35,27,7.429556
58.8,32,7.441555
36.21,20,7.4494
8.36,5,7.4514
88.51,50,7.470264
92.08,50,7.489266
63.41,34,7.502264
8.6,5,7.504264
40.65,23,7.513231
38.56,22,7.521625
95.41,50,7.5406
73.87,40,7.555601
53.93,31,7.567742
93.34,50,7.586993
25.78,14,7.591994
2.93,2,7.592995
89.95,50,7.611995
6.1,4,7.612994
19.18,11,7.616994
90.9,50,7.636387
85.21,50,7.656573
95.42,50,7.678563
11.04,8,7.682573
93.35,50,7.719991
86.03,48,8.478495
34.41,18,8.486494
93.23,50,8.506346
97.72,50,8.526347
90.51,50,8.546347
93.55,50,8.56543
92.57,50,8.584945
95.4,49,8.604817
100.4,50,8.62484
94.23,50,8.64484
92.75,50,8.664889
88.41,44,8.681888
89.7,50,8.701889
93.14,50,8.720335
39.2,22,8.729487
71.96,38,8.74449
7.35,4,8.745486
90.21,50,8.764379
11.68,7,8.767379
93.86,50,8.787043
60.23,33,8.799898
97.32,50,8.818898
4.46,3,8.819898
96.71,50,8.838752
25.15,14,8.844771
63.19,35,8.857013
41.77,22,8.866013
92.91,50,8.884649
91.46,50,8.903923
78.36,42,8.919918
92.25,50,8.93864
102.54,50,8.957902
8.46,5,8.959922
96.97,50,8.978607
92.82,50,8.997471
5.31,3,8.99847
18.76,10,9.002473
83.7,47,9.020472
91.57,50,9.039717
20.26,12,9.044055
95.88,50,9.063393
6.81,4,9.065387
93.19,50,9.084161
12.85,8,9.087161
25.2,14,9.09216
95.64,50,9.112159
96.22,50,9.131103
32.98,18,9.138585
94.59,50,9.156876
41.66,23,9.166059
93.28,50,9.184782
50.86,28,9.195764
57.94,33,9.207765
82.56,47,9.226269
22.7,13,9.231701
70.06,38,9.245702
53.36,30,9.256701
97.25,50,9.976649
37.78,20,9.984649
99.06,50,10.004776
39.32,22,10.012776
97.65,50,10.032776
97.33,50,10.052776
57.5,30,10.064459
93.12,50,10.082973
96.36,50,10.101992
96.47,50,10.121975
45.71,24,10.131378
36.64,20,10.138367
89.26,50,10.158716
99.04,50,10.178279
18.12,11,10.182284
97.68,50,10.201574
57.62,30,10.213577
92.2,47,10.231845
90.13,48,10.24988
94.36,50,10.27004
78.75,41,10.285673
102.71,50,10.305917
93.93,50,10.324553
38.49,20,10.332579
96.22,50,10.351791
92.02,50,10.371791
98.41,50,10.390696
87.3,48,10.409697
97.99,50,10.429696
3.1,2,10.430697
91.34,50,10.450271
98.37,50,10.470072
92.66,50,10.489072
93.73,50,10.508073
93.28,50,10.527754
96.38,50,10.546954
31.36,16,10.553434
61.01,32,10.565829
16.84,9,10.568852
97.16,50,10.589131
96.98,50,10.608888
97.06,50,10.627979
97.64,50,10.649915
0.74,1,10.650923
98.32,50,10.669915
99.76,50,10.688826
16.64,9,10.692826
93.1,50,10.711504
93.75,49,10.730567
88.61,46,10.748673
100.82,50,11.473007
98.68,50,11.492263
15.82,9,11.496262
67.95,37,11.51035
95.51,50,11.53035
92.69,50,11.549351
101.79,50,11.56835
97.48,50,11.58735
97.24,50,11.60735
98.68,50,11.626349
93.02,50,11.646349
101.76,50,11.665225
10.39,7,11.668249
59.61,31,11.680025
92.95,50,11.700025
18.37,9,11.703026
102.48,50,11.722889
33.19,17,11.72958
12.55,7,11.731581
92.73,50,11.75158
75.16,41,11.767581
93.65,50,11.786582
100.09,50,11.805581
29.59,16,11.811597
49.16,25,11.821581
96.4,50,11.841581
19.45,12,11.846581
97.02,50,11.86658
102.06,50,11.885581
94.04,50,11.905216
91.06,50,11.924641
100.37,50,11.944674
55.7,28,11.95564
97.29,50,11.97464
1.11,1,11.97464
96.14,50,11.994235
97.06,50,12.014237
95.73,50,12.033237
35.6,19,12.041235
96.46,47,12.059011
95.67,50,12.078899
92.83,50,12.097947
71.11,38,12.1127
99.43,50,12.1317
31.5,16,12.137699
95.29,50,12.157699
94.46,50,12.176699
71.65,36,12.190699
74.13,40,12.206699
53.74,29,12.217698
99.9,50,12.237962
74.29,39,12.251962
1.16,1,12.252964
102.19,50,12.989524
96.78,50,13.009525
106.38,50,13.029541
100.85,50,13.049542
95.2,50,13.068541
101.64,50,13.088528
100.82,50,13.108678
98.56,50,13.127677
101.85,50,13.147677
93.94,50,13.16666
92.55,48,13.185677
52.05,27,13.195677
100.81,50,13.215678
99.94,50,13.234678
83.99,42,13.25166
97.97,50,13.270679
18.15,9,13.273677
97.92,50,13.293678
95.8,50,13.31278
107.75,50,13.332726
101.31,50,13.351797
97.32,50,13.374928
100.24,50,13.394929
34.84,20,13.402197
98.05,50,13.421621
95.63,50,13.441122
98.35,50,13.461121
12.63,7,13.463142
97.18,50,13.483601
20.25,11,13.48787
102.25,50,13.50687
97.45,50,13.525869
103.49,50,13.545485
103.5,50,13.564585
36.85,18,13.571585
102.27,50,13.59017
31.88,18,13.597174
96.98,50,13.616174
69.98,37,13.630175
104.35,50,13.649996
97.92,50,13.668967
97.14,50,13.687978
96.46,50,13.707514
94.21,50,13.72651
96.59,50,13.745203
98.05,50,13.764495
98.82,50,14.481751
104.52,50,14.501106
100.12,50,14.520178
71.81,34,14.533176
74.33,38,14.547684
95.43,50,14.566358
51.6,25,14.576357
104.33,50,14.595356
101.19,50,14.614357
99.21,50,14.633356
9.1,6,14.635356
101.86,50,14.654611
99.88,50,14.673223
2.89,2,14.674223
97.26,50,14.693083
102.93,50,14.71332
97.18,50,14.733558
59.55,31,14.745558
104.91,50,14.764177
99.57,50,14.783529
99.85,50,14.802529
99.24,50,14.82164
105.23,50,14.839663
104.83,50,14.85964
35.86,19,14.866646
103.66,50,14.885641
103.47,50,14.904821
100.59,50,14.923769
97.47,50,14.943173
69.38,35,14.955776
100.42,50,14.974911
103.35,50,14.993911
102.66,50,15.013166
108.86,50,15.031023
103.81,50,15.049564
98.56,50,15.068563
99.87,50,15.086998
103.67,50,15.107068
103.2,50,15.126063
49.56,24,15.134776
12.66,6,15.137774
109.9,50,15.156406
97.96,50,15.175462
52.13,25,15.185741
104.64,50,15.204741
31.55,17,15.210742
54.6,28,15.221139
104.77,50,15.240225
99.93,50,15.978049
99.5,50,15.998101
67.36,35,16.01212
39.99,21,16.020101
102.92,50,16.038982
111.98,50,16.057982
99.18,50,16.077805
101.99,50,16.097449
101.31,50,16.115573
103.33,50,16.134701
2.74,2,16.1357
109.14,50,16.15495
105.65,50,16.174142
104.03,50,16.193156
62.96,29,16.204166
97.66,50,16.223245
97.91,50,16.241246
105.75,50,16.26081
97.19,50,16.280193
107.57,50,16.299054
102.62,50,16.31839
103.61,50,16.33739
101.58,50,16.356803
96.55,50,16.37574
50.45,25,16.385787
101.05,50,16.404402
103.05,50,16.423682
103.92,50,16.442394
101.52,50,16.460979
99.01,49,16.47915
104.33,50,16.498913
37.61,18,16.504912
104.54,50,16.52421
95.76,50,16.54321
101.19,50,16.562227
100.49,50,16.58204
106.15,50,16.601039
105.26,50,16.619039
100.49,50,16.63854
103.72,50,16.657948
97.34,50,16.676682
99.78,50,16.695131
113.63,50,16.714421
106.3,50,16.734263
100.84,50,16.755716
1.16,1,16.756716
83.36,41,17.472065
113.57,50,17.491067
106.48,50,17.51059
107.25,50,17.530591
110.4,50,17.549732
105.98,50,17.568969
110.14,50,17.588969
106.59,50,17.607969
108.52,50,17.627969
103.46,50,17.646969
104.61,50,17.666898
27.09,14,17.672903
109.76,50,17.691785
105.73,50,17.710785
111.37,50,17.730785
103.74,50,17.750785
106.02,50,17.770319
12.1,6,17.772319
111.31,50,17.791401
47.64,23,17.8004
37.1,18,17.807506
12.42,6,17.809507
92.99,38,17.824531
103.18,50,17.844074
104.48,50,17.863143
110.99,50,17.883161
105.38,50,17.902464
108.19,50,17.921469
39.27,19,17.929463
60.96,29,17.940463
106.1,50,17.959462
109.73,50,17.979463
108.48,50,17.999462
105.34,50,18.018462
111.66,50,18.037466
103.43,50,18.057463
107.34,50,18.076462
104.35,50,18.096463
107.91,50,18.115463
106.85,50,18.135401
106.15,50,18.15468
112.33,50,18.173645
102.88,50,18.193644
105.5,50,18.212645
43.41,22,18.221647
100.79,50,18.241006
107.73,50,18.973792
112.87,50,18.99291
104.01,50,19.012069
110.63,50,19.030931
107.96,50,19.050933
20.93,11,19.054931
104.07,50,19.07385
109.84,50,19.093849
104.02,50,19.11252
104.82,50,19.132622
108.12,50,19.152308
103.35,50,19.171309
109.88,50,19.19063
112.05,50,19.21066
106.73,50,19.229895
111.33,50,19.249635
112.12,50,19.269366
103.48,50,19.289066
108.69,50,19.308519
108.55,50,19.329249
8.52,5,19.331249
107.2,50,19.350286
114.57,50,19.369249
108.77,50,19.389116
107.87,50,19.408817
105.79,50,19.42819
111.77,50,19.44719
104.73,50,19.46719
112.9,50,19.486189
110.46,50,19.50619
110.31,50,19.525332
106.01,50,19.544656
103.81,50,19.563656
103.42,50,19.583655
111.54,50,19.602842
106.96,50,19.622928
113.5,50,19.641891
107.05,50,19.66189
101.54,50,19.680889
111.07,50,19.69989
109.45,50,19.720138
107.69,50,19.739157
116.16,50,19.759138
107.09,50,20.484293
113.63,50,20.504232
109.49,50,20.523232
109.22,50,20.543241
108.98,50,20.562274
110.48,50,20.58124
102.7,50,20.601241
120.26,50,20.620541
120.25,50,20.640277
114.34,50,20.659005
49.63,25,20.669006
106.4,50,20.688006
112.9,50,20.707433
103.05,50,20.726703
119.1,50,20.746866
110.92,50,20.765867
110.07,50,20.785028
113.54,50,20.810368
117.68,50,20.833946
119.11,50,20.85643
108.64,50,20.875003
108.33,50,20.894243
113.0,50,20.913318
111.42,50,20.932317
104.84,50,20.951832
111.97,50,20.971427
112.85,50,20.991846
114.23,50,21.011168
9.29,5,21.013169
112.72,50,21.031895
108.59,50,21.050895
105.98,50,21.070914
113.38,50,21.089934
111.12,50,21.109915
115.31,50,21.129027
119.91,50,21.149129
108.01,50,21.167766
100.38,50,21.186987
110.87,50,21.20677
41.47,21,21.214768
112.08,50,21.23352
109.61,50,21.252816
115.03,50,21.271768
108.83,50,21.986021
112.19,50,22.005377
106.9,50,22.025077
116.4,50,22.044078
111.82,50,22.063077
115.18,50,22.082474
116.03,50,22.101548
113.79,50,22.120489
114.62,50,22.139503
123.98,50,22.158819
115.15,50,22.178184
120.62,50,22.197184
117.74,50,22.216058
111.3,50,22.236058
114.06,50,22.255072
114.65,50,22.274417
116.06,50,22.293418
110.54,50,22.312417
116.78,50,22.331772
111.48,50,22.35107
112.21,50,22.370557
111.39,50,22.388996
109.73,50,22.408189
117.91,50,22.427959
112.0,50,22.446966
119.32,50,22.46596
112.09,50,22.485954
110.24,50,22.504958
109.65,50,22.523958
107.87,50,22.542959
107.76,50,22.561958
115.15,50,22.580957
118.77,50,22.60022
106.61,50,22.619202
120.65,50,22.638732
109.94,50,22.658479
114.06,50,22.676776
110.92,50,22.696777
117.95,50,22.715782
115.13,50,22.734667
110.2,50,22.754194
109.56,50,23.473887
120.63,50,23.493888
117.25,50,23.513886
116.07,50,23.532823
121.47,50,23.551827
113.14,50,23.571631
117.02,50,23.590633
106.65,50,23.609631
118.48,50,23.628632
115.3,50,23.647648
116.44,50,23.666636
112.26,50,23.685636
120.24,50,23.704632
121.73,50,23.723631
113.24,50,23.742483
120.5,50,23.761484
107.72,50,23.781483
115.16,50,23.800484
111.63,50,23.819687
119.84,50,23.839042
117.8,50,23.857972
115.25,50,23.877346
117.9,50,23.896388
112.53,50,23.915754
111.48,50,23.934754
112.34,50,23.953249
111.65,50,23.972272
117.64,50,23.99126
121.25,50,24.010432
112.93,50,24.0297
107.6,50,24.048699
117.5,50,24.0677
123.91,50,24.086685
110.13,50,24.10575
115.85,50,24.125142
116.6,50,24.144165
118.45,50,24.163142
115.45,50,24.183142
120.22,50,24.202142
122.23,50,24.221143
114.86,50,24.240478
114.7,50,24.956691
114.6,50,24.976691
116.15,50,24.995694
117.2,50,25.015691
120.12,50,25.035673
125.02,50,25.054841
121.56,50,25.074226
120.86,50,25.093462
124.7,50,25.113461
115.2,50,25.132459
111.52,50,25.151615
118.39,50,25.171015
125.52,50,25.190468
119.36,50,25.210357
114.44,50,25.229429
120.0,50,25.249865
117.08,50,25.268674
120.48,50,25.288141
112.11,50,25.307764
120.39,50,25.327763
113.97,50,25.34662
112.56,50,25.366151
118.09,50,25.38615
117.87,50,25.405151
116.74,50,25.424705
110.56,50,25.4441
116.5,50,25.464068
127.0,50,25.483416
64.64,26,25.494416
117.53,50,25.513415
114.96,50,25.532981
0.95,1,25.532981
115.76,50,25.552981
115.79,50,25.572878
120.93,50,25.59231
117.58,50,25.611316
113.68,50,25.630935
116.67,50,25.650934
122.48,50,25.671212
109.43,50,25.691211
127.1,50,25.710569
116.08,50,25.729574
128.05,50,26.454218
112.98,50,26.474508
117.82,50,26.496505
126.11,50,26.517507
123.5,50,26.538428
119.41,50,26.560428
131.66,50,26.580429
120.29,50,26.60143
119.39,50,26.620513
118.39,50,26.641475
116.26,50,26.661474
129.03,50,26.682474
129.53,50,26.703349
119.17,50,26.725605
126.21,50,26.746605
121.4,50,26.766605
125.38,50,26.787606
121.29,50,26.807629
123.64,50,26.826607
117.71,50,26.84475
121.04,50,26.864182
127.66,50,26.886179
118.56,50,26.907402
124.69,50,26.927592
123.8,50,26.947383
124.27,50,26.968382
119.66,50,26.989383
119.27,50,27.009877
110.86,50,27.031197
121.17,50,27.052197
117.72,50,27.073198
119.57,50,27.092197
124.22,50,27.112864
124.25,50,27.134134
121.95,50,27.154407
131.63,50,27.175012
118.77,50,27.196014
122.12,50,27.217229
120.49,50,27.238263
121.48,50,27.258226
117.11,50,27.279225
117.77,50,28.039794
122.86,50,28.061793
121.39,50,28.082793
124.4,50,28.103795
133.1,50,28.123794
119.91,50,28.143198
120.85,50,28.164199
125.8,50,28.185197
130.12,50,28.206198
119.26,50,28.226981
117.44,50,28.247
119.69,50,28.268062
123.08,50,28.289062
119.56,50,28.310064
118.26,50,28.331065
124.6,50,28.350961
125.53,50,28.37354
118.08,50,28.394944
122.39,50,28.415654
125.01,50,28.436655
118.37,50,28.458323
127.03,50,28.479609
129.95,50,28.499043
23.31,11,28.504042
130.64,50,28.526044
124.65,50,28.546042
121.21,50,28.567741
121.27,50,28.587636
121.72,50,28.608635
128.09,50,28.629017
123.91,50,28.649289
127.24,50,28.666477
121.08,50,28.683666
127.98,50,28.701919
126.1,50,28.72053
125.78,50,28.737331
127.31,50,28.754077
127.15,50,28.772803
123.41,50,28.791997
117.86,50,28.813576
126.36,50,28.833576
129.05,50,28.853578
124.67,50,29.579209
129.44,50,29.59822
14.18,6,29.601224
126.33,50,29.620224
125.16,50,29.639532
131.83,50,29.658503
127.52,50,29.677502
128.94,50,29.696502
130.72,50,29.715485
126.65,50,29.735304
118.93,50,29.754303
130.83,50,29.773302
125.39,50,29.792304
129.26,50,29.811304
123.93,50,29.832303
116.62,50,29.851685
126.58,50,29.870575
126.39,50,29.889893
124.1,50,29.909499
123.66,50,29.928584
126.81,50,29.947584
124.19,50,29.966669
126.78,50,29.986673
131.39,50,30.005677
139.56,50,30.024408
130.28,50,30.043936
125.33,50,30.062936
116.85,50,30.082658
131.57,50,30.101031
120.23,50,30.120946
125.09,50,30.139946
126.94,50,30.158463
122.12,50,30.178235
124.37,50,30.197218
121.6,50,30.215653
124.3,50,30.234706
125.6,50,30.253825
129.19,50,30.273482
121.23,50,30.292494
117.03,50,30.311627
126.83,50,30.330627
130.48,50,30.349926
133.51,50,31.073681
131.14,50,31.095466
127.81,50,31.116465
127.68,50,31.136443
121.59,50,31.156444
136.57,50,31.176444
125.88,50,31.195445
131.98,50,31.215909
128.55,50,31.236178
133.41,50,31.256189
126.33,50,31.277191
133.72,50,31.296189
128.75,50,31.317206
132.93,50,31.336206
120.87,50,31.355206
125.02,50,31.375206
124.68,50,31.394379
130.64,50,31.412494
139.6,50,31.432065
125.53,50,31.451728
135.02,50,31.470728
123.91,50,31.48974
129.26,50,31.508782
131.1,50,31.527782
128.6,50,31.546781
125.56,50,31.566782
125.97,50,31.58565
122.72,50,31.60465
125.23,50,31.623302
123.01,50,31.642638
123.28,50,31.661363
127.88,50,31.680517
132.73,50,31.699094
63.07,24,31.708776
126.54,50,31.727777
134.55,50,31.746776
139.87,50,31.765997
129.13,50,31.785105
122.05,50,31.804108
128.03,50,31.822908
125.9,50,31.841908
139.41,50,32.558859
135.09,50,32.577873
133.23,50,32.598552
128.02,50,32.617863
131.79,50,32.637317
131.45,50,32.655501
135.94,50,32.674502
126.48,50,32.694686
133.79,50,32.713684
136.83,50,32.73351
133.13,50,32.754222
133.13,50,32.776506
129.16,50,32.797506
129.14,50,32.817506
125.99,50,32.839506
123.86,50,32.858506
138.29,50,32.880506
121.5,50,32.901507
129.0,50,32.922506
135.88,50,32.943506
135.75,50,32.963506
126.21,50,32.984507
133.03,50,33.005585
133.77,50,33.026924
125.59,50,33.04783
130.2,50,33.069895
139.6,50,33.090901
128.83,50,33.111901
134.94,50,33.132899
131.18,50,33.153901
135.61,50,33.175066
127.13,50,33.196211
129.78,50,33.217211
135.74,50,33.237724
135.38,50,33.259724
137.03,50,33.280884
126.76,50,33.301514
139.05,50,33.322916
129.38,50,33.343915
134.66,50,33.364913
130.15,50,33.385914
127.97,50,34.154819
130.8,50,34.17347
133.15,50,34.191477
131.21,50,34.210112
140.69,50,34.226884
137.62,50,34.245884
131.57,50,34.269505
129.53,50,34.290485
136.809999,50,34.311485
137.32,50,34.332484
135.77,50,34.351485
130.29,50,34.372484
137.15,50,34.393487
143.08,50,34.414484
129.13,50,34.435485
139.25,50,34.456486
127.48,50,34.476485
134.31,50,34.496485
132.79,50,34.518807
125.91,50,34.539885
129.49,50,34.560884
132.14,50,34.580883
127.23,50,34.601883
125.78,50,34.622884
132.95,50,34.644884
137.52,50,34.665884
141.51,50,34.686884
132.06,50,34.707884
136.76,50,34.729111
130.55,50,34.748974
128.66,50,34.766575
129.4,50,34.783587
139.83,50,34.802953
132.61,50,34.821131
125.79,50,34.838346
140.54,50,34.857741
136.08,50,34.875328
138.28,50,34.893878
141.75,50,34.910317
134.47,50,34.92967
134.68,50,34.946865
138.76,50,35.712005
133.8,50,35.735008
127.61,50,35.75501
138.49,50,35.776171
129.81,50,35.796204
130.49,50,35.817858
138.53,50,35.838859
133.13,50,35.859859
137.95,50,35.88086
143.88,50,35.90186
131.06,50,35.922858
129.08,50,35.943859
135.17,50,35.963858
135.78,50,35.985469
132.51,50,36.005721
132.4,50,36.026725
137.49,50,36.048726
143.88,50,36.069727
135.33,50,36.090725
136.75,50,36.111725
140.77,50,36.132725
130.89,50,36.152727
136.64,50,36.173133
136.94,50,36.193136
143.04,50,36.214132
134.36,50,36.23593
140.78,50,36.25793
139.82,50,36.27793
134.17,50,36.298929
142.23,50,36.318935
140.69,50,36.339932
128.26,50,36.36093
134.84,50,36.382096
135.85,50,36.404096
139.38,50,36.425097
137.93,50,36.445436
126.53,50,36.465732
143.25,50,36.486872
133.32,50,36.507872
134.07,50,36.52917
135.95,50,36.552892
138.33,50,37.285142
144.76,50,37.305144
134.95,50,37.324482
150.23,50,37.343572
147.9,50,37.362571
146.7,50,37.38157
142.78,50,37.401396
140.88,50,37.420396
130.07,50,37.439325
136.91,50,37.458514
140.5,50,37.477523
140.53,50,37.497277
138.39,50,37.516277
142.85,50,37.53516
133.27,50,37.554902
138.91,50,37.573951
140.64,50,37.592953
138.23,50,37.613974
141.15,50,37.633122
140.04,50,37.652429
144.76,50,37.671429
141.58,50,37.690431
137.85,50,37.709713
139.68,50,37.729617
141.49,50,37.749617
141.25,50,37.768651
128.98,50,37.787616
141.38,50,37.806619
138.11,50,37.826038
137.12,50,37.846148
134.18,50,37.865152
140.66,50,37.884175
140.19,50,37.904659
140.55,50,37.923184
135.489999,50,37.942822
132.37,50,37.961823
141.17,50,37.981341
140.92,50,38.000482
141.77,50,38.020033
146.26,50,38.038449
142.23,50,38.058408
139.62,50,38.776143
133.24,50,38.795142
143.03,50,38.815144
147.98,50,38.833808
141.85,50,38.852808
147.73,50,38.873725
136.29,50,38.892591
146.629999,50,38.911703
140.8,50,38.931256
147.63,50,38.949776
133.16,50,38.969184
148.04,50,38.988101
148.55,50,39.006981
140.1,50,39.026696
155.03,50,39.045696
146.98,50,39.065078
140.44,50,39.083662
145.81,50,39.102797
145.51,50,39.122594
141.56,50,39.143564
138.26,50,39.161803
149.53,50,39.180803
142.19,50,39.200119
135.04,50,39.218837
140.04,50,39.237837
143.41,50,39.257118
143.5,50,39.276121
139.85,50,39.29512
148.93,50,39.314631
140.41,50,39.333512
141.66,50,39.352684
145.09,50,39.371308
142.439999,50,39.391223
139.68,50,39.410221
143.16,50,39.429222
147.66,50,39.448222
138.17,50,39.467398
147.3,50,39.486617
135.21,50,39.505454
137.72,50,39.524904
146.88,50,39.543196
148.73,50,40.287272
131.79,50,40.307669
148.589999,50,40.33224
148.99,50,40.353265
148.579999,50,40.374265
145.14,50,40.395266
154.01,50,40.415289
152.78,50,40.435264
145.04,50,40.455277
140.03,50,40.47551
140.72,50,40.49551
139.36,50,40.51551
137.16,50,40.535713
145.28,50,40.555713
146.099999,50,40.574711
150.88,50,40.595013
145.11,50,40.616637
144.91,50,40.642479
147.48,50,40.664479
154.41,50,40.686478
154.53,50,40.707479
142.9,50,40.728478
147.86,50,40.748479
141.64,50,40.77048
148.85,50,40.792034
146.35,50,40.813033
144.26,50,40.834032
141.84,50,40.855034
141.41,50,40.876033
153.88,50,40.898273
150.0,50,40.918272
149.18,50,40.940357
142.13,50,40.961129
136.04,50,40.982127
151.53,50,41.004127
151.14,50,41.02515
144.03,50,41.04715
151.88,50,41.067888
152.48,50,41.089121
149.26,50,41.110186
149.31,50,41.132186
153.39,50,41.883539
144.159999,50,41.90435
155.0,50,41.92428
152.18,50,41.944296
156.179999,50,41.965278
152.58,50,41.98597
149.98,50,42.009094
146.53,50,42.031096
150.63,50,42.053478
144.679999,50,42.075582
150.27,50,42.096771
149.959999,50,42.117772
144.93,50,42.138772
144.88,50,42.160771
152.28,50,42.181772
159.18,50,42.2028
157.03,50,42.224018
149.92,50,42.246231
150.37,50,42.266231
152.73,50,42.28758
153.97,50,42.30958
158.83,50,42.331559
145.69,50,42.35255
158.94,50,42.37355
155.41,50,42.395379
155.63,50,42.416971
153.03,50,42.438976
160.93,50,42.458968
154.08,50,42.480967
151.23,50,42.502975
147.52,50,42.523969
149.73,50,42.546968
152.75,50,42.566969
154.68,50,42.587968
155.04,50,42.6087
145.23,50,42.630823
149.98,50,42.651823
158.98,50,42.672824
146.39,50,42.694515
155.49,50,42.715515
155.63,50,42.737056
156.69,50,43.500545
163.85,50,43.520548
158.88,50,43.540547
159.81,50,43.560545
161.93,50,43.579546
151.91,50,43.600546
154.22,50,43.620546
155.08,50,43.641545
152.899999,50,43.660563
159.42,50,43.682801
148.3,50,43.7038
154.71,50,43.724827
148.3,50,43.745914
150.49,50,43.767307
152.86,50,43.788306
156.52,50,43.809306
148.88,50,43.83137
155.73,50,43.85234
156.46,50,43.8731
155.73,50,43.897218
162.66,50,43.920493
153.97,50,43.9429
152.44,50,43.966464
154.09,50,43.989461
164.49,50,44.011461
149.63,50,44.034071
153.33,50,44.056791
145.24,50,44.07879
160.36,50,44.100803
153.3,50,44.122803
152.68,50,44.14551
160.13,50,44.168343
147.05,50,44.192941
153.7,50,44.215945
164.25,50,44.238946
159.53,50,44.261989
155.55,50,44.28393
144.74,50,44.305177
148.74,50,44.325671
161.14,50,44.345316
149.13,50,44.365503
147.18,50,45.095112
158.46,50,45.114088
156.25,50,45.134091
156.78,50,45.152979
164.33,50,45.172552
159.02,50,45.191555
164.53,50,45.211196
161.33,50,45.230641
154.61,50,45.25038
158.39,50,45.269713
160.97,50,45.289762
163.03,50,45.308762
148.85,50,45.328472
155.56,50,45.347298
151.08,50,45.36729
154.13,50,45.386156
157.99,50,45.40572
149.7,50,45.424721
158.69,50,45.443721
152.81,50,45.463316
161.03,50,45.482316
156.08,50,45.501686
155.3,50,45.521015
161.54,50,45.540389
149.98,50,45.559091
154.89,50,45.578092
157.94,50,45.598228
161.03,50,45.616889
161.01,50,45.636584
160.53,50,45.65657
147.999999,50,45.675497
159.68,50,45.694307
151.5,50,45.713338
157.43,50,45.738305
162.08,50,45.763307
159.29,50,45.787306
163.38,50,45.812305
156.63,50,45.837307
160.78,50,45.861307
155.2,50,45.885306
155.58,50,45.906305
161.13,50,46.64754
154.15,50,46.666614
172.28,50,46.686648
160.43,50,46.705544
156.61,50,46.725544
162.58,50,46.74443
164.44,50,46.764428
158.88,50,46.783272
161.73,50,46.802319
164.89,50,46.822143
156.58,50,46.841143
160.36,50,46.860834
168.69,50,46.879835
164.58,50,46.899413
154.14,50,46.91867
163.68,50,46.937836
154.63,50,46.957851
164.57,50,46.976851
155.579999,50,46.996086
158.63,50,47.015122
164.79,50,47.034438
154.98,50,47.054191
163.18,50,47.07403
161.12,50,47.093034
154.36,50,47.112767
164.33,50,47.131767
163.19,50,47.150643
158.679999,50,47.170303
164.86,50,47.189297
159.38,50,47.208297
157.83,50,47.227297
154.38,50,47.247297
159.46,50,47.266181
159.13,50,47.286019
156.83,50,47.307202
160.73,50,47.326807
170.18,50,47.346941
164.43,50,47.365901
160.48,50,47.385376
164.39,50,47.404375
160.06,50,47.423946
170.18,50,48.172454
149.08,50,48.193453
160.53,50,48.215453
168.08,50,48.235714
165.21,50,48.258149
161.08,50,48.277148
161.23,50,48.297151
162.95,50,48.318186
168.69,50,48.339556
168.03,50,48.360918
166.98,50,48.381557
156.13,50,48.402388
162.04,50,48.422629
165.0,50,48.443166
167.68,50,48.464574
163.76,50,48.485574
167.1,50,48.506498
173.73,50,48.525113
166.73,50,48.543767
163.5,50,48.561386
157.28,50,48.580418
160.78,50,48.598608
159.63,50,48.61646
162.13,50,48.635015
170.88,50,48.654637
161.23,50,48.671636
158.08,50,48.68867
164.38,50,48.707062
162.79,50,48.725388
160.73,50,48.744395
162.93,50,48.762475
163.78,50,48.779852
168.94,50,48.797976
163.28,50,48.817919
154.97,50,48.837034
162.48,50,48.854623
167.95,50,48.87318
167.34,50,48.892179
167.98,50,48.911427
159.46,50,48.931947
168.53,50,48.952127
178.49,50,49.735873
165.08,50,49.756871
157.8,50,49.776943
166.03,50,49.797647
173.88,50,49.817648
166.18,50,49.838648
162.06,50,49.859685
170.33,50,49.879818
168.58,50,49.900817
166.03,50,49.92047
162.1,50,49.940827
170.13,50,49.960829
171.11,50,49.981827
174.78,50,50.001827
170.53,50,50.023298
167.98,50,50.043769
166.75,50,50.064252
166.08,50,50.085252
162.48,50,50.105381
166.37,50,50.127352
165.43,50,50.147353
162.38,50,50.168544
167.13,50,50.190142
165.89,50,50.211141
166.83,50,50.231139
166.23,50,50.25314
167.0,50,50.273141
170.28,50,50.292643
163.93,50,50.315267
164.02,50,50.337267
173.4,50,50.357268
164.38,50,50.378267
163.25,50,50.399267
172.96,50,50.421942
164.78,50,50.441942
160.2,50,50.463326
169.48,50,50.484163
159.68,50,50.504449
172.25,50,50.525837
170.83,50,50.54717
165.53,50,50.56764
160.08,50,51.347192
172.05,50,51.367094
167.33,50,51.388842
171.38,50,51.409846
171.63,50,51.430851
165.09,50,51.451851
170.68,50,51.472851
165.03,50,51.493257
150.93,50,51.514346
173.23,50,51.536346
167.18,50,51.556845
163.98,50,51.575896
170.8,50,51.597925
172.48,50,51.615212
161.58,50,51.633848
175.14,50,51.652247
165.83,50,51.671285
168.6,50,51.689892
172.34,50,51.709582
170.33,50,51.727786
167.53,50,51.747178
172.33,50,51.765198
171.08,50,51.784199
173.38,50,51.802199
167.13,50,51.820074
174.23,50,51.83716
173.33,50,51.856088
171.93,50,51.874718
168.23,50,51.892591
163.84,50,51.910331
174.23,50,51.927845
169.43,50,51.946251
165.78,50,51.97142
174.58,50,51.990251
170.03,50,52.009815
165.98,50,52.030018
167.43,50,52.048812
164.14,50,52.069414
170.38,50,52.088686
178.28,50,52.108887
165.08,50,52.128176
176.33,50,52.861566
174.88,50,52.88157
172.63,50,52.901229
174.26,50,52.922227
167.28,50,52.941227
172.51,50,52.961399
172.86,50,52.981807
172.43,50,53.001787
166.49,50,53.022047
177.93,50,53.042047
171.63,50,53.061047
170.73,50,53.080071
173.33,50,53.100438
166.0,50,53.120438
172.31,50,53.141438
174.15,50,53.160438
167.18,50,53.180118
167.78,50,53.200119
173.43,50,53.221119
171.87,50,53.241118
173.08,50,53.261117
166.95,50,53.280121
168.43,50,53.301119
174.93,50,53.321119
172.13,50,53.342119
169.33,50,53.362122
170.78,50,53.383118
179.83,50,53.402817
176.33,50,53.424863
170.68,50,53.444888
173.11,50,53.465185
165.71,50,53.486216
174.63,50,53.507199
175.74,50,53.526695
170.23,50,53.545847
171.99,50,53.565022
167.3,50,53.585025
177.33,50,53.606027
170.78,50,53.626025
167.63,50,53.645061
168.26,50,53.664026
172.33,50,54.452814
179.93,50,54.473813
179.68,50,54.494813
173.68,50,54.515813
169.92,50,54.536812
175.18,50,54.557815
169.53,50,54.580812
178.43,50,54.6024
172.66,50,54.624194
175.64,50,54.647193
173.48,50,54.670194
178.3,50,54.691193
167.98,50,54.713338
178.58,50,54.734355
171.23,50,54.756365
173.98,50,54.77794
171.98,50,54.79894
169.63,50,54.82096
178.28,50,54.84294
177.33,50,54.864963
173.08,50,54.88694
171.73,50,54.907675
177.18,50,54.930415
174.43,50,54.951669
175.95,50,54.97367
173.68,50,54.99367
168.08,50,55.015669
178.18,50,55.037669
182.4,50,55.059689
178.74,50,55.082349
182.13,50,55.104597
179.73,50,55.12725
171.28,50,55.150238
174.48,50,55.171238
179.53,50,55.193239
181.28,50,55.21526
171.68,50,55.236238
173.15,50,55.257644
174.56,50,55.280113
178.88,50,55.302112
175.75,50,55.323996
176.08,50,56.156767
172.0,50,56.177765
178.58,50,56.197765
170.15,50,56.218799
173.48,50,56.239766
174.53,50,56.258765
178.66,50,56.278769
175.98,50,56.298765
174.67,50,56.318765
179.98,50,56.339141
172.58,50,56.360147
176.83,50,56.381306
177.63,50,56.402708
173.98,50,56.423707
177.73,50,56.446709
173.83,50,56.468709
177.23,50,56.489706
174.73,50,56.511708
182.53,50,56.532707
171.24,50,56.553709
173.43,50,56.575706
177.23,50,56.596708
179.42,50,56.616705
179.93,50,56.638708
181.13,50,56.659743
179.28,50,56.680709
174.63,50,56.701708
179.88,50,56.722707
172.58,50,56.742708
172.33,50,56.764709
174.98,50,56.786705
180.73,50,56.806708
175.16,50,56.829707
168.23,50,56.849706
181.13,50,56.872707
176.23,50,56.893707
178.5,50,56.914707
176.03,50,56.936707
175.53,50,56.958739
173.38,50,56.979919
173.23,50,57.002603
177.73,50,57.790326
173.83,50,57.811324
181.08,50,57.832324
175.98,50,57.854323
177.44,50,57.873322
181.03,50,57.893322
170.98,50,57.912322
176.03,50,57.932617
181.18,50,57.952617
184.73,50,57.972735
178.58,50,57.993746
174.78,50,58.01474
182.38,50,58.03474
183.63,50,58.05374
181.08,50,58.073346
172.51,50,58.095358
178.93,50,58.116714
170.73,50,58.135926
178.4,50,58.156214
175.29,50,58.175494
177.43,50,58.195769
177.38,50,58.21577
177.08,50,58.237747
178.33,50,58.256726
168.93,50,58.276727
178.48,50,58.296951
176.43,50,58.317951
180.03,50,58.337182
174.53,50,58.358061
180.83,50,58.37708
174.13,50,58.399062
181.23,50,58.420062
181.28,50,58.441061
174.43,50,58.462576
179.98,50,58.482559
176.58,50,58.504739
179.34,50,58.52412
176.98,50,58.547299
181.28,50,58.56636
175.53,50,58.586359
178.83,50,58.606114
182.38,50,59.388875
179.63,50,59.407972
176.73,50,59.426225
181.28,50,59.446948
176.48,50,59.464971
180.93,50,59.484192
182.33,50,59.502658
177.63,50,59.524662
182.33,50,59.546214
173.93,50,59.566214
180.78,50,59.586694
176.36,50,59.606696
178.48,50,59.626259
180.63,50,59.645486
177.08,50,59.665486
178.66,50,59.685343
182.23,50,59.704277
183.98,50,59.725084
183.43,50,59.744083
177.76,50,59.763087
182.38,50,59.783435
178.68,50,59.804436
177.33,50,59.824435
182.48,50,59.844435
175.63,50,59.865436
181.18,50,59.885704
179.38,50,59.906305
180.18,50,59.930863
178.83,50,59.950557
182.53,50,59.970559
177.13,50,59.989557
177.55,50,60.009557
179.78,50,60.030847
177.73,50,60.050844
180.98,50,60.070256
180.13,50,60.092255
178.23,50,60.11726
178.3,50,60.141926
182.08,50,60.167808
175.84,50,60.195101
183.68,50,64.34547
181.28,50,64.605633
177.18,50,64.871345
182.23,50,65.127821
180.73,50,65.38681
182.63,50,65.642267
182.28,50,65.815665
181.03,50,65.842644
180.83,50,65.864214
183.53,50,65.881137
182.04,50,65.899243
178.33,50,65.916865
182.63,50,65.934978
177.38,50,65.95347
181.23,50,65.977118
181.23,50,65.997114
181.03,50,66.016112
176.23,50,66.036113
185.03,50,66.056113
177.63,50,66.074864
181.38,50,66.094868
180.78,50,66.113853
176.28,50,66.132849
174.58,50,66.152845
180.98,50,66.171932
183.73,50,66.191846
182.28,50,66.214014
181.23,50,66.233325
183.78,50,66.253302
181.03,50,66.272529
179.63,50,66.292923
179.43,50,66.31294
178.68,50,66.331922
183.43,50,66.351922
177.13,50,66.371922
181.43,50,66.39111
182.53,50,66.410353
178.34,50,66.429351
176.14,50,66.449351
182.38,50,66.468353
179.98,50,66.488284
181.93,50,67.225973
185.0,50,67.245913
176.03,50,67.266914
180.58,50,67.287727
180.03,50,67.30676
178.83,50,67.326726
178.66,50,67.345726
183.73,50,67.365112
179.64,50,67.38511
179.76,50,67.40411
178.68,50,67.42384
180.93,50,67.443888
181.13,50,67.462888
180.91,50,67.482887
182.08,50,67.502891
182.48,50,67.522191
181.13,50,67.541383
182.48,50,67.561387
180.93,50,67.581097
186.23,50,67.600096
179.98,50,67.620298
184.88,50,67.639229
182.23,50,67.65923
179.58,50,67.678229
178.68,50,67.697322
183.48,50,67.71656
178.48,50,67.737827
180.7,50,67.757826
177.03,50,67.77693
179.88,50,67.796147
182.48,50,67.816148
181.13,50,67.836147
177.48,50,67.855186
182.18,50,67.874415
181.33,50,67.894576
178.53,50,67.914414
178.38,50,67.934299
180.88,50,67.953359
184.88,50,67.973359
178.68,50,67.993359
181.28,50,68.01336
179.13,50,68.780613
179.43,50,68.801609
180.33,50,68.822625
181.18,50,68.843626
181.03,50,68.863626
179.68,50,68.883625
186.23,50,68.903625
183.68,50,68.924322
177.48,50,68.943323
178.73,50,68.963322
181.33,50,68.983322
179.5,50,69.002023
181.58,50,69.022348
182.43,50,69.041662
178.23,50,69.061662
181.03,50,69.081663
181.43,50,69.101662
181.38,50,69.121137
175.88,50,69.141132
183.88,50,69.160131
179.6,50,69.17995
173.83,50,69.199548
182.48,50,69.219546
176.28,50,69.243546
179.83,50,69.263252
179.83,50,69.282253
179.98,50,69.302252
182.53,50,69.322255
178.83,50,69.342253
178.78,50,69.362252
181.18,50,69.382253
184.78,50,69.401252
174.83,50,69.421253
173.58,50,69.441267
176.17,50,69.460252
179.48,50,69.480253
176.98,50,69.500252
184.88,50,69.520252
179.98,50,69.540253
182.63,50,69.560273
181.03,50,69.580253
179.68,50,70.437867
181.44,50,70.459865
180.83,50,70.480865
183.73,50,70.502866
183.48,50,70.524276
181.48,50,70.544299
181.28,50,70.565281
177.63,50,70.585277
178.83,50,70.604277
182.58,50,70.623868
181.18,50,70.643868
181.23,50,70.662868
180.83,50,70.681869
182.53,50,70.702597
179.63,50,70.72159
178.93,50,70.741591
178.53,50,70.763183
177.48,50,70.782949
181.23,50,70.80222
180.93,50,70.822224
180.98,50,70.841905
183.68,50,70.86191
177.18,50,70.88091
183.38,50,70.90091
180.98,50,70.919909
179.48,50,70.93991
177.23,50,70.959909
183.78,50,70.978909
182.43,50,70.998909
175.98,50,71.01891
179.73,50,71.039363
179.78,50,71.058361
183.45,50,71.078194
179.88,50,71.097217
182.38,50,71.11718
182.73,50,71.137178
183.38,50,71.157178
182.28,50,71.175766
184.98,50,71.194766
178.68,50,71.214767
180.93,50,71.234345
184.68,50,71.980413
176.56,50,72.000412
181.13,50,72.019846
185.08,50,72.041804
181.18,50,72.061836
179.71,50,72.080836
183.78,50,72.106807
182.23,50,72.129736
186.18,50,72.150145
183.68,50,72.169416
182.58,50,72.189417
181.38,50,72.208312
180.91,50,72.228239
182.13,50,72.248226
183.88,50,72.268204
186.18,50,72.29036
179.88,50,72.310359
182.23,50,72.33036
184.98,50,72.350506
178.43,50,72.369505
180.98,50,72.388506
183.53,50,72.408507
179.88,50,72.427506
181.28,50,72.447507
180.3,50,72.466753
184.88,50,72.486752
182.83,50,72.506752
178.38,50,72.526595
182.58,50,72.546921
183.68,50,72.567215
183.68,50,72.586215
183.98,50,72.606232
182.58,50,72.625216
183.68,50,72.645429
182.48,50,72.665369
184.78,50,72.685743
185.08,50,72.706743
183.38,50,72.725901
185.08,50,72.745886
183.58,50,72.765375
182.03,50,72.785387
183.88,50,73.544722
186.18,50,73.565073
186.23,50,73.585073
184.98,50,73.604074
185.03,50,73.624074
184.88,50,73.644464
182.48,50,73.664829
177.13,50,73.684831
180.13,50,73.704831
184.88,50,73.724788
183.73,50,73.745787
178.93,50,73.76438
177.18,50,73.787025
182.43,50,73.808038
182.28,50,73.828039
183.53,50,73.8483
182.63,50,73.869305
183.73,50,73.888304
177.88,50,73.907928
182.6,50,73.928928
180.83,50,73.947927
181.08,50,74.012162
181.23,50,74.09169
182.28,50,74.111032
186.23,50,74.130786
182.38,50,74.152411
182.38,50,74.171932
183.7,50,74.192313
178.33,50,74.211887
183.73,50,74.232887
184.98,50,74.253484
183.58,50,74.272806
183.63,50,74.291806
180.89,50,74.311805
182.43,50,74.332191
182.46,50,74.351725
181.03,50,74.372003
183.48,50,74.391002
186.23,50,74.411112
182.38,50,74.430111
182.33,50,74.450112
183.63,50,75.204278
181.33,50,75.225272
182.33,50,75.244272
182.63,50,75.264159
182.28,50,75.284159
186.23,50,75.30617
182.53,50,75.326494
183.83,50,75.345499
183.43,50,75.365493
183.78,50,75.385493
181.33,50,75.405494
184.93,50,75.425493
179.43,50,75.445496
186.23,50,75.465493
186.28,50,75.485493
182.03,50,75.505495
178.25,50,75.525494
183.93,50,75.545495
182.38,50,75.565495
184.98,50,75.586493
183.68,50,75.606494
182.63,50,75.626493
180.88,50,75.646495
181.33,50,75.666495
180.1,50,75.686494
183.78,50,75.706494
184.98,50,75.726495
186.18,50,75.74721
182.38,50,75.766093
183.83,50,75.786116
184.98,50,75.806396
183.43,50,75.825396
184.96,50,75.8454
184.83,50,75.864395
186.23,50,75.883925
182.63,50,75.904139
183.53,50,75.924156
183.33,50,75.944147
180.58,50,75.968271
186.28,50,75.991269
182.18,50,76.016269
185.13,50,76.781884
181.03,50,76.802886
182.28,50,76.824885
186.28,50,76.844884
183.68,50,76.864884
185.03,50,76.884888
184.88,50,76.903884
183.58,50,76.923884
184.93,50,76.943885
183.78,50,76.964885
183.83,50,76.984885
179.98,50,77.005885
186.28,50,77.025884
179.66,50,77.046469
186.18,50,77.06647
183.88,50,77.086176
182.06,50,77.108696
182.18,50,77.128696
183.68,50,77.147696
182.33,50,77.167648
183.98,50,77.187648
183.88,50,77.207649
186.18,50,77.227649
186.23,50,77.247648
185.08,50,77.267648
185.03,50,77.287648
186.23,50,77.307649
183.63,50,77.326649
183.63,50,77.347648
185.03,50,77.366648
180.73,50,77.386648
185.03,50,77.405648
181.43,50,77.42625
183.73,50,77.448218
181.18,50,77.468539
182.53,50,77.488542
182.18,50,77.508538
182.48,50,77.528538
184.88,50,77.548971
182.28,50,77.568975
182.13,50,77.588192
181.08,50,78.330549
183.73,50,78.351874
182.28,50,78.371874
184.88,50,78.392873
186.23,50,78.413203
184.93,50,78.432203
184.83,50,78.453204
182.53,50,78.473203
184.78,50,78.493203
185.03,50,78.513202
184.78,50,78.532202
186.23,50,78.552202
183.63,50,78.573203
186.28,50,78.593225
184.78,50,78.613225
186.28,50,78.634225
179.98,50,78.654225
186.18,50,78.675231
186.09,50,78.695227
186.28,50,78.716158
185.03,50,78.736158
183.73,50,78.754227
184.88,50,78.77285
184.93,50,78.790532
184.98,50,78.807532
184.98,50,78.826176
183.68,50,78.844391
183.43,50,78.862556
181.16,50,78.88109
185.03,50,78.899927
183.93,50,78.916978
183.73,50,78.936494
185.08,50,78.954075
186.18,50,78.975206
183.88,50,78.992821
178.73,50,79.011917
184.83,50,79.031966
182.53,50,79.04968
182.33,50,79.067636
184.98,50,79.086245
184.88,50,79.105692
186.23,50,79.87379
180.73,50,79.894789
186.23,50,79.914527
186.23,50,79.934793
182.43,50,79.955793
185.03,50,79.975794
182.23,50,79.996024
182.23,50,80.019226
186.28,50,80.039121
181.18,50,80.061679
182.48,50,80.081678
185.03,50,80.103696
184.83,50,80.123679
183.83,50,80.14268
184.98,50,80.162606
185.03,50,80.181281
184.98,50,80.201444
186.28,50,80.220632
182.33,50,80.242936
184.83,50,80.264254
181.18,50,80.284976
184.98,50,80.304375
184.93,50,80.322844
184.88,50,80.34122
183.83,50,80.360225
184.86,50,80.377963
185.08,50,80.397177
183.68,50,80.415251
186.28,50,80.434726
185.13,50,80.452314
184.98,50,80.471554
182.38,50,80.491328
183.73,50,80.508904
185.13,50,80.528305
182.33,50,80.546106
184.98,50,80.566159
184.82,50,80.58416
184.88,50,80.601257
186.23,50,80.619626
184.83,50,80.638752
185.03,50,80.657229
186.23,50,81.429091
182.21,50,81.449089
183.73,50,81.469089
183.43,50,81.487988
184.88,50,81.507988
186.28,50,81.528243
186.23,50,81.549708
182.48,50,81.569127
182.63,50,81.590138
186.28,50,81.611238
182.38,50,81.631239
186.28,50,81.650238
183.83,50,81.670058
183.78,50,81.691934
183.73,50,81.710934
186.28,50,81.73136
186.28,50,81.750725
185.13,50,81.771725
184.96,50,81.792099
186.28,50,81.811099
182.03,50,81.830689
186.28,50,81.850694
183.63,50,81.870775
186.18,50,81.890774
186.18,50,81.910777
186.23,50,81.931274
185.03,50,81.951816
183.43,50,81.972817
186.28,50,81.991308
185.08,50,82.009849
186.28,50,82.028768
183.48,50,82.051769
183.53,50,82.071678
183.83,50,82.091694
184.93,50,82.109556
186.28,50,82.128555
182.38,50,82.146127
182.63,50,82.164604
186.28,50,82.184603
183.63,50,82.202297
185.03,50,82.219813
183.83,50,82.96537
183.38,50,82.985373
183.5,50,83.005351
186.28,50,83.024955
184.83,50,83.043955
185.08,50,83.06539
186.28,50,83.085394
186.28,50,83.104999
185.08,50,83.125
184.98,50,83.145
185.08,50,83.163999
184.93,50,83.184999
184.88,50,83.204
185.03,50,83.224999
186.23,50,83.243999
182.23,50,83.264
183.88,50,83.284014
186.28,50,83.303998
186.28,50,83.324015
183.63,50,83.343014
186.28,50,83.362271
186.28,50,83.380454
186.23,50,83.398557
186.23,50,83.41959
184.83,50,83.437594
186.28,50,83.455383
183.88,50,83.473161
185.08,50,83.492159
186.23,50,83.510295
181.08,50,83.52981
185.08,50,83.54888
180.98,50,83.566883
186.28,50,83.585764
185.08,50,83.602907
186.23,50,83.621426
183.48,50,83.641268
183.68,50,83.660363
186.28,50,83.676541
183.38,50,83.69699
186.21,50,83.715803
182.63,50,83.735336
184.88,50,84.486688
186.28,50,84.507745
186.23,50,84.527743
183.63,50,84.548744
186.28,50,84.567743
183.68,50,84.588744
184.83,50,84.608743
183.63,50,84.629201
185.03,50,84.64739
185.03,50,84.666974
186.23,50,84.685453
186.28,50,84.704382
183.83,50,84.721381
185.08,50,84.739946
186.23,50,84.759616
183.68,50,84.778049
182.38,50,84.797502
186.23,50,84.817611
185.05,50,84.835546
185.08,50,84.854606
183.73,50,84.874097
182.43,50,84.89211
182.2,50,84.911024
183.68,50,84.931447
183.78,50,84.949745
185.03,50,84.968749
186.28,50,84.989098
185.13,50,85.008705
183.33,50,85.025859
186.28,50,85.047418
186.28,50,85.064417
186.28,50,85.082538
186.23,50,85.102105
185.03,50,85.120066
184.83,50,85.138549
183.48,50,85.157546
185.13,50,85.178952
183.78,50,85.196898
182.58,50,85.213897
184.88,50,85.232301
186.28,50,85.25213
186.23,50,85.991644
185.08,50,86.012241
186.28,50,86.032542
183.49,50,86.052544
186.28,50,86.073541
186.23,50,86.092544
186.28,50,86.113541
184.79,50,86.133088
186.28,50,86.152175
184.88,50,86.172174
184.98,50,86.193174
186.23,50,86.212191
183.83,50,86.231189
184.98,50,86.249346
184.73,50,86.26849
185.03,50,86.287537
185.08,50,86.306396
184.88,50,86.32477
183.53,50,86.344194
186.28,50,86.368197
185.03,50,86.387736
184.88,50,86.407442
186.28,50,86.426442
184.98,50,86.445442
183.53,50,86.464415
184.88,50,86.483392
185.13,50,86.503201
186.23,50,86.523201
186.28,50,86.542194
183.88,50,86.562247
186.28,50,86.580669
184.88,50,86.59967
186.18,50,86.618778
186.23,50,86.638957
183.83,50,86.657957
186.28,50,86.67715
184.83,50,86.69648
183.53,50,86.716667
183.68,50,86.735667
186.28,50,86.754998
183.73,50,86.775006
183.83,50,87.516925
186.28,50,87.536926
185.08,50,87.556926
183.75,50,87.576925
186.28,50,87.596926
185.13,50,87.616967
182.63,50,87.635971
184.98,50,87.65684
186.28,50,87.676858
186.28,50,87.696841
185.03,50,87.715828
186.28,50,87.736036
184.98,50,87.755037
186.23,50,87.77468
186.28,50,87.794681
185.03,50,87.814682
186.28,50,87.834682
186.28,50,87.85429
185.08,50,87.87329
186.28,50,87.89329
186.23,50,87.912314
186.28,50,87.93229
184.83,50,87.95229
184.98,50,87.972474
186.28,50,87.991622
184.88,50,88.011209
186.23,50,88.030209
184.88,50,88.050209
186.28,50,88.069209
183.83,50,88.089245
186.28,50,88.10821
184.98,50,88.128087
183.68,50,88.147087
186.28,50,88.16715
186.28,50,88.186151
184.98,50,88.206149
184.98,50,88.225444
184.93,50,88.245444
186.23,50,88.264783
185.03,50,88.284668
185.13,50,88.303938
183.88,50,89.090552
184.98,50,89.110551
184.83,50,89.131568
186.28,50,89.153682
186.28,50,89.173681
186.28,50,89.194682
184.88,50,89.214683
186.28,50,89.235682
183.83,50,89.256682
185.03,50,89.276681
186.28,50,89.296703
184.98,50,89.315681
185.03,50,89.335306
186.18,50,89.355329
186.23,50,89.375308
185.08,50,89.394307
185.03,50,89.414307
183.48,50,89.434306
184.98,50,89.454306
183.78,50,89.472961
182.78,50,89.492996
186.23,50,89.513078
186.28,50,89.53246
183.68,50,89.552
186.28,50,89.572001
186.28,50,89.592021
185.03,50,89.611001
183.63,50,89.631001
186.28,50,89.651001
186.28,50,89.671005
183.48,50,89.69
186.28,50,89.70926
186.28,50,89.729257
185.08,50,89.749257
186.28,50,89.76876
186.28,50,89.78876
184.83,50,89.809805
184.98,50,89.830411
186.28,50,89.849408
185.13,50,89.869407
183.78,50,89.889084
185.03,50,90.641713
185.03,50,90.662712
186.28,50,90.682733
186.28,50,90.702732
185.03,50,90.722898
184.98,50,90.742898
186.28,50,90.762934
186.23,50,90.782912
186.28,50,90.803148
186.28,50,90.822146
186.28,50,90.843067
186.23,50,90.86407
184.83,50,90.883395
186.28,50,90.904397
186.28,50,90.924397
186.28,50,90.9454
183.48,50,90.966395
186.28,50,90.986399
186.23,50,91.006395
185.03,50,91.026395
186.28,50,91.047397
186.28,50,91.071719
184.88,50,91.090719
185.03,50,91.110719
183.73,50,91.130901
186.18,50,91.150901
186.28,50,91.171601
186.28,50,91.191758
184.88,50,91.210758
185.13,50,91.230758
186.28,50,91.249758
186.28,50,91.269758
186.23,50,91.290204
184.88,50,91.309365
186.28,50,91.329364
186.28,50,91.348363
186.28,50,91.369365
185.03,50,91.389364
186.28,50,91.408364
184.98,50,91.427364
185.03,50,91.447366
185.03,50,92.1751
185.03,50,92.196373
182.53,50,92.21635
186.28,50,92.236487
185.13,50,92.256488
183.73,50,92.276047
184.7,50,92.294051
184.98,50,92.317713
185.08,50,92.336713
185.03,50,92.357144
186.28,50,92.377412
184.98,50,92.397412
186.28,50,92.416004
184.98,50,92.436116
184.98,50,92.455498
181.33,50,92.474691
186.28,50,92.495482
185.08,50,92.516014
186.28,50,92.535746
185.03,50,92.556014
186.28,50,92.575725
183.63,50,92.595724
186.28,50,92.615724
186.28,50,92.635726
186.28,50,92.656724
183.73,50,92.675725
184.98,50,92.695724
186.28,50,92.716726
183.83,50,92.735725
185.03,50,92.755726
186.28,50,92.776724
184.98,50,92.79619
183.63,50,92.815706
186.28,50,92.83488
185.13,50,92.855239
186.28,50,92.875238
183.45,50,92.895002
186.28,50,92.915002
186.28,50,92.935002
186.28,50,92.955003
186.28,50,92.974483
185.03,50,93.707047
186.28,50,93.727633
183.73,50,93.748065
186.28,50,93.768643
186.28,50,93.789266
186.28,50,93.809267
186.28,50,93.830266
186.28,50,93.849267
186.23,50,93.869884
183.78,50,93.889884
186.23,50,93.909884
186.28,50,93.929884
186.28,50,93.949886
186.28,50,93.968884
186.28,50,93.989794
186.23,50,94.009788
186.28,50,94.029382
186.28,50,94.049702
184.88,50,94.068702
186.28,50,94.08917
186.28,50,94.109171
185.03,50,94.129171
185.03,50,94.149171
186.28,50,94.16917
185.13,50,94.18919
183.73,50,94.209169
186.28,50,94.228008
184.98,50,94.248863
186.28,50,94.268844
186.28,50,94.288844
185.03,50,94.307844
185.03,50,94.327529
186.28,50,94.348528
186.28,50,94.368527
186.28,50,94.389527
186.28,50,94.408532
186.28,50,94.428527
186.19,50,94.448528
186.28,50,94.468527
185.03,50,94.487526
186.28,50,94.507527
186.28,50,95.250061
186.28,50,95.270061
186.28,50,95.289914
186.28,50,95.309212
186.28,50,95.329514
185.03,50,95.348729
186.28,50,95.367721
186.28,50,95.387748
186.28,50,95.407722
186.28,50,95.430076
184.93,50,95.449077
186.28,50,95.469075
186.28,50,95.488623
186.28,50,95.508035
186.28,50,95.528033
186.28,50,95.548033
186.23,50,95.567032
185.03,50,95.586747
186.28,50,95.606701
186.28,50,95.626701
185.08,50,95.645702
186.28,50,95.665491
186.28,50,95.685816
186.28,50,95.705029
184.83,50,95.724387
186.28,50,95.744385
186.28,50,95.763998
186.28,50,95.784143
186.28,50,95.806143
183.88,50,95.825143
183.78,50,95.846054
183.78,50,95.866055
183.83,50,95.885333
186.28,50,95.905333
186.28,50,95.925273
186.28,50,95.945673
186.28,50,95.965673
185.03,50,95.984674
186.28,50,96.004674
186.28,50,96.024674
186.28,50,96.043673
186.28,50,96.79038
186.28,50,96.809573
186.28,50,96.82835
186.28,50,96.848853
186.28,50,96.868851
186.28,50,96.888981
185.08,50,96.907985
183.63,50,96.928294
185.13,50,96.948295
186.28,50,96.968293
186.28,50,96.987153
186.28,50,97.007158
186.28,50,97.027156
186.28,50,97.047158
185.08,50,97.066436
183.63,50,97.086437
186.28,50,97.107176
186.28,50,97.127533
184.88,50,97.147534
186.28,50,97.166531
185.03,50,97.185548
186.28,50,97.204546
183.83,50,97.223533
185.03,50,97.244929
184.88,50,97.264867
186.28,50,97.284667
186.28,50,97.304397
184.98,50,97.324084
186.28,50,97.344084
185.13,50,97.364083
186.23,50,97.384487
186.28,50,97.40362
185.08,50,97.423616
186.28,50,97.442634
186.28,50,97.463862
186.28,50,97.483863
186.28,50,97.504506
186.28,50,97.524505
186.28,50,97.543505
183.78,50,97.563505
184.98,50,97.584506
186.28,50,98.32597
186.28,50,98.345968
185.08,50,98.365605
186.28,50,98.384606
186.28,50,98.404271
185.03,50,98.424054
186.28,50,98.442841
186.28,50,98.462957
186.28,50,98.481958
186.28,50,98.501955
186.28,50,98.520956
186.28,50,98.540955
186.28,50,98.559956
186.28,50,98.579944
186.28,50,98.600365
186.28,50,98.620252
185.08,50,98.639252
184.88,50,98.658983
186.23,50,98.678572
186.28,50,98.697589
186.28,50,98.717576
186.23,50,98.736576
186.28,50,98.755844
186.23,50,98.775666
186.28,50,98.794667
186.28,50,98.813666
186.28,50,98.833666
186.28,50,98.852666
185.13,50,98.87219
186.28,50,98.89119
186.28,50,98.911435
186.28,50,98.930434
186.28,50,98.950434
186.28,50,98.969452
184.63,50,98.989609
186.28,50,99.008869
186.28,50,99.029178
184.88,50,99.048308
186.28,50,99.071028
185.03,50,99.090693
186.23,50,99.109693
185.03,50,99.837645
186.28,50,99.857646
186.28,50,99.876645
186.28,50,99.895645
186.23,50,99.915112
186.28,50,99.934409
186.28,50,99.953932
186.28,50,99.973933
186.28,50,99.993244
186.28,50,100.012374
186.28,50,100.034089
183.93,50,100.057032
186.28,50,100.07711
186.28,50,100.097578
186.28,50,100.12009
186.28,50,100.141688
186.28,50,100.163688
186.28,50,100.185688
186.28,50,100.206688
185.13,50,100.227925
186.28,50,100.250914
186.28,50,100.274233
186.28,50,100.29534
185.13,50,100.317713
186.28,50,100.338713
186.28,50,100.360713
186.28,50,100.385197
186.28,50,100.406197
186.28,50,100.427354
186.28,50,100.448355
186.28,50,100.469353
186.28,50,100.488354
186.28,50,100.508355
186.28,50,100.527267
186.28,50,100.547271
184.88,50,100.566476
186.28,50,100.587514
186.28,50,100.607567
186.28,50,100.629612
186.28,50,100.649637
185.08,50,100.669616
184.98,50,101.397424
186.23,50,101.416672
184.88,50,101.435673
186.28,50,101.455764
186.28,50,101.474764
185.03,50,101.494018
185.08,50,101.514018
186.28,50,101.532749
186.28,50,101.551965
186.28,50,101.571582
185.03,50,101.591089
186.28,50,101.610088
186.23,50,101.62909
186.28,50,101.649547
185.03,50,101.669819
184.83,50,101.689815
184.88,50,101.710878
186.28,50,101.731339
186.28,50,101.752338
186.28,50,101.771624
184.88,50,101.792325
185.03,50,101.812931
185.03,50,101.833045
186.28,50,101.852781
185.13,50,101.873318
186.28,50,101.893329
186.28,50,101.913623
186.28,50,101.93362
186.28,50,101.954091
186.28,50,101.974818
186.23,50,101.995254
186.28,50,102.016325
184.98,50,102.037537
186.28,50,102.057576
186.28,50,102.077019
186.26,50,102.097023
186.28,50,102.116022
186.28,50,102.134658
186.28,50,102.153829
184.88,50,102.173316
185.13,50,102.192884
186.28,50,102.959582
185.13,50,102.980098
182.23,50,103.000272
186.28,50,103.02027
186.28,50,103.040271
185.08,50,103.061271
186.28,50,103.081296
186.23,50,103.101865
185.13,50,103.121987
186.28,50,103.141085
186.28,50,103.161086
185.03,50,103.180201
186.28,50,103.201204
185.03,50,103.22192
186.23,50,103.242923
186.28,50,103.263974
186.28,50,103.283577
186.28,50,103.30262
186.28,50,103.322622
186.28,50,103.347992
186.28,50,103.366823
186.28,50,103.386878
186.28,50,103.406481
185.03,50,103.427709
186.28,50,103.447709
186.28,50,103.46871
186.28,50,103.48871
186.28,50,103.507709
185.03,50,103.528709
186.28,50,103.54771
186.28,50,103.567443
186.28,50,103.587681
186.28,50,103.60768
186.28,50,103.627681
186.28,50,103.646683
186.23,50,103.666681
186.28,50,103.686338
186.28,50,103.707339
186.28,50,103.726619
186.28,50,103.74688
185.03,50,104.510321
186.28,50,104.530322
186.23,50,104.550326
185.03,50,104.571321
186.28,50,104.59118
186.28,50,104.612322
185.08,50,104.633792
186.28,50,104.652791
186.28,50,104.673252
186.28,50,104.694445
186.28,50,104.715887
186.28,50,104.73595
185.08,50,104.755949
186.28,50,104.77495
186.28,50,104.794949
186.28,50,104.81495
186.28,50,104.834966
186.28,50,104.855706
185.13,50,104.875706
186.28,50,104.894706
186.23,50,104.914195
186.28,50,104.935096
185.03,50,104.955063
186.28,50,104.975253
186.23,50,104.995423
186.28,50,105.015991
186.28,50,105.034993
186.23,50,105.054994
186.28,50,105.074003
185.03,50,105.0935
184.88,50,105.113583
186.28,50,105.134387
186.28,50,105.154388
185.03,50,105.174387
186.28,50,105.195387
185.03,50,105.215387
186.28,50,105.234794
186.28,50,105.256022
186.28,50,105.275023
186.28,50,105.294482
185.03,50,105.314483
186.28,50,106.060287
186.28,50,106.080287
186.28,50,106.099287
186.28,50,106.118902
185.03,50,106.137902
186.28,50,106.157334
186.28,50,106.177333
186.28,50,106.200332
186.28,50,106.224764
186.28,50,106.249764
186.28,50,106.273764
186.28,50,106.297764
184.98,50,106.321764
186.28,50,106.345764
186.28,50,106.368294
186.28,50,106.388301
186.28,50,106.407247
186.28,50,106.426763
186.28,50,106.44575
185.13,50,106.465241
186.28,50,106.485241
186.28,50,106.504241
186.28,50,106.523483
186.23,50,106.542481
186.28,50,106.562059
186.28,50,106.581624
186.28,50,106.60046
186.28,50,106.619459
186.28,50,106.638547
186.23,50,106.658547
186.28,50,106.677547
186.28,50,106.696546
186.28,50,106.716994
186.28,50,106.739828
186.28,50,106.760958
185.03,50,106.779959
186.28,50,106.798964
186.28,50,106.818963
186.28,50,106.838023
186.23,50,106.857126
186.28,50,106.87714
185.03,50,107.580078
186.28,50,107.5988
186.28,50,107.6158
186.28,50,107.633754
186.28,50,107.651414
186.28,50,107.6692
186.28,50,107.687055
186.28,50,107.705589
186.28,50,107.722231
186.28,50,107.740269
186.28,50,107.762719
186.28,50,107.783134
186.28,50,107.804447
184.98,50,107.826414
186.28,50,107.846412
186.28,50,107.868412
186.28,50,107.888413
186.28,50,107.909412
186.28,50,107.930412
186.28,50,107.952119
186.28,50,107.973133
186.28,50,107.993145
186.28,50,108.014134
186.28,50,108.032989
186.28,50,108.053222
186.28,50,108.073218
186.28,50,108.093187
186.28,50,108.112551
186.28,50,108.131477
185.03,50,108.150476
185.03,50,108.170477
186.28,50,108.189245
185.08,50,108.211334
186.28,50,108.232333
185.08,50,108.255333
186.28,50,108.277334
186.28,50,108.300169
186.28,50,108.322428
186.28,50,108.343428
186.28,50,108.364428
186.28,50,108.385429
186.28,50,109.171586
186.28,50,109.192567
186.28,50,109.213568
184.88,50,109.233567
186.28,50,109.254568
186.28,50,109.274568
186.28,50,109.295567
186.28,50,109.314568
186.23,50,109.336001
186.28,50,109.356983
183.83,50,109.378001
186.28,50,109.398198
186.28,50,109.418197
185.08,50,109.437197
186.28,50,109.457197
185.08,50,109.477215
186.28,50,109.497197
186.28,50,109.516197
186.28,50,109.536214
186.28,50,109.555216
185.13,50,109.575197
185.03,50,109.594805
186.28,50,109.614806
186.28,50,109.634864
186.23,50,109.653864
186.28,50,109.673826
186.28,50,109.692859
186.28,50,109.711661
186.28,50,109.731897
186.28,50,109.7514
186.28,50,109.770403
186.28,50,109.789428
186.28,50,109.808799
186.28,50,109.828802
186.28,50,109.847802
186.28,50,109.867909
186.28,50,109.88691
186.23,50,109.906931
186.28,50,109.926908
185.03,50,109.946392
186.28,50,109.965392
186.28,50,110.719326
186.28,50,110.739579
186.28,50,110.75958
186.23,50,110.78058
186.28,50,110.800951
186.28,50,110.825214
185.08,50,110.846215
186.28,50,110.866567
185.13,50,110.885886
186.28,50,110.906887
186.28,50,110.926989
186.28,50,110.945903
185.03,50,110.966902
186.28,50,110.986904
186.28,50,111.007903
186.28,50,111.027522
186.28,50,111.048977
186.28,50,111.069163
186.28,50,111.088829
186.28,50,111.110828
186.28,50,111.133194
186.28,50,111.155901
186.28,50,111.175316
186.28,50,111.196248
184.88,50,111.216465
186.28,50,111.235718
186.28,50,111.255777
186.28,50,111.276777
186.28,50,111.296777
186.28,50,111.316777
186.28,50,111.337059
186.28,50,111.35709
184.98,50,111.378089
186.28,50,111.396088
186.28,50,111.414104
186.28,50,111.430851
185.03,50,111.447208
186.28,50,111.463315
186.28,50,111.480319
184.88,50,111.498934
186.28,50,111.518933
186.28,50,112.272022
186.28,50,112.29202
186.28,50,112.312115
186.28,50,112.332118
186.28,50,112.352117
186.28,50,112.373117
186.28,50,112.394116
186.28,50,112.413117
186.28,50,112.433311
186.28,50,112.452821
185.03,50,112.472821
186.28,50,112.491694
186.28,50,112.512334
186.28,50,112.532354
186.23,50,112.552335
186.28,50,112.572335
186.28,50,112.592335
186.28,50,112.613334
186.28,50,112.633334
185.03,50,112.653334
186.28,50,112.672671
186.23,50,112.69167
186.28,50,112.711673
186.28,50,112.731672
186.28,50,112.750891
186.28,50,112.771773
186.28,50,112.791148
186.28,50,112.811148
186.28,50,112.831085
185.08,50,112.852349
186.28,50,112.873883
186.28,50,112.892936
186.28,50,112.913935
184.88,50,112.933936
186.28,50,112.954984
186.28,50,112.974709
186.28,50,112.995174
186.28,50,113.014174
186.28,50,113.034174
186.28,50,113.053174
184.88,50,113.073708
184.98,50,113.81948
186.28,50,113.83848
186.28,50,113.858383
186.28,50,113.877297
186.28,50,113.896297
185.13,50,113.916299
186.28,50,113.935297
186.28,50,113.954791
186.28,50,113.97379
186.28,50,113.993752
186.23,50,114.012751
184.88,50,114.032751
186.28,50,114.052192
186.28,50,114.071195
186.28,50,114.092937
186.23,50,114.11315
183.88,50,114.133229
186.28,50,114.152839
186.28,50,114.171841
186.28,50,114.190835
186.23,50,114.210835
186.28,50,114.229836
186.28,50,114.249281
186.28,50,114.267997
186.28,50,114.287017
186.28,50,114.307287
186.28,50,114.326287
186.28,50,114.345371
185.03,50,114.366617
185.03,50,114.385896
186.23,50,114.404896
184.88,50,114.423896
186.28,50,114.442897
186.28,50,114.462897
184.98,50,114.48109
186.28,50,114.500288
186.28,50,114.519289
186.28,50,114.538289
186.23,50,114.557288
186.28,50,114.577289
186.28,50,114.596608
186.28,50,115.33851
186.28,50,115.359859
186.28,50,115.379862
186.28,50,115.398369
186.28,50,115.41855
186.28,50,115.438549
186.28,50,115.457691
186.23,50,115.476413
186.28,50,115.496094
186.28,50,115.515296
186.28,50,115.5343
186.28,50,115.554295
186.28,50,115.572644
186.23,50,115.592317
186.26,50,115.611718
186.23,50,115.631309
186.28,50,115.650312
186.28,50,115.669328
186.28,50,115.689306
186.23,50,115.707895
186.28,50,115.726896
186.23,50,115.746896
186.28,50,115.766074
186.28,50,115.785467
183.83,50,115.805135
186.28,50,115.82475
186.28,50,115.843749
186.23,50,115.862259
186.28,50,115.882497
186.28,50,115.901067
186.28,50,115.921066
186.28,50,115.940066
185.08,50,115.959066
186.28,50,115.978087
186.23,50,115.998066
186.28,50,116.017066
186.28,50,116.037066
186.28,50,116.056068
186.28,50,116.076067
186.28,50,116.095508
186.23,50,116.114152
186.28,50,116.85016
186.28,50,116.869842
186.28,50,116.888843
186.28,50,116.908672
186.28,50,116.92885
186.28,50,116.948773
186.28,50,116.969778
186.28,50,116.988776
186.23,50,117.008066
186.28,50,117.027942
186.28,50,117.047114
186.28,50,117.067313
186.28,50,117.086317
186.28,50,117.105313
186.28,50,117.124955
186.28,50,117.144802
186.23,50,117.1638
186.28,50,117.183801
186.28,50,117.203801
186.28,50,117.222801
186.28,50,117.241801
186.23,50,117.261802
186.23,50,117.280802
186.28,50,117.300801
186.28,50,117.319802
186.23,50,117.338801
186.28,50,117.358828
186.23,50,117.378482
186.28,50,117.397485
186.28,50,117.41677
186.23,50,117.43577
186.28,50,117.45577
186.28,50,117.475907
186.28,50,117.495519
184.94,50,117.514228
186.28,50,117.534237
186.28,50,117.552605
186.28,50,117.571998
186.28,50,117.591999
185.13,50,117.61368
186.28,50,117.633679
186.28,50,118.400099
186.28,50,118.420393
183.73,50,118.440427
186.28,50,118.460427
186.28,50,118.479427
186.28,50,118.500428
186.28,50,118.520065
186.28,50,118.539919
186.28,50,118.5597
186.28,50,118.581223
186.28,50,118.600223
186.28,50,118.619975
186.28,50,118.640502
186.23,50,118.660071
186.28,50,118.680141
186.28,50,118.700138
186.23,50,118.719138
186.28,50,118.739138
186.28,50,118.759138
186.28,50,118.780138
186.28,50,118.799297
186.28,50,118.819424
186.23,50,118.839391
186.28,50,118.859665
186.28,50,118.878785
186.28,50,118.898786
186.28,50,118.918784
186.28,50,118.938786
186.28,50,118.959498
185.03,50,118.981502
186.28,50,119.002195
185.08,50,119.022196
186.28,50,119.042261
186.28,50,119.062262
186.28,50,119.082261
186.28,50,119.103263
186.28,50,119.122282
186.28,50,119.139248
186.28,50,119.156698
186.28,50,119.173537
186.28,50,119.190639
186.28,50,119.945972
186.28,50,119.967499
186.28,50,119.988474
186.28,50,120.008474
186.28,50,120.027475
186.28,50,120.047897
186.28,50,120.068084
184.98,50,120.089083
186.28,50,120.10922
186.28,50,120.12922
186.28,50,120.151544
184.88,50,120.173549
186.28,50,120.190087
186.28,50,120.206099
186.28,50,120.223099
186.28,50,120.241694
186.28,50,120.258693
186.28,50,120.27576
186.23,50,120.29376
186.23,50,120.310413
185.13,50,120.327635
186.28,50,120.345234
186.28,50,120.36192
186.28,50,120.379467
186.28,50,120.397504
186.28,50,120.414095
186.28,50,120.432011
186.28,50,120.448953
186.28,50,120.466598
186.28,50,120.483212
186.28,50,120.501519
186.28,50,120.518818
186.28,50,120.537321
186.28,50,120.554275
186.28,50,120.570863
186.28,50,120.591306
186.28,50,120.612314
186.28,50,120.632314
186.28,50,120.651675
186.28,50,120.67069
185.03,50,120.691973
186.28,50,121.439613
186.28,50,121.46656
186.28,50,121.485562
186.28,50,121.504059
186.28,50,121.523723
186.28,50,121.542747
186.28,50,121.562748
186.28,50,121.582748
186.28,50,121.601751
186.28,50,121.621749
186.28,50,121.64078
186.28,50,121.660749
186.28,50,121.680748
186.23,50,121.700176
186.28,50,121.720177
186.28,50,121.739177
186.28,50,121.759177
186.28,50,121.778242
186.23,50,121.798242
186.28,50,121.817567
186.28,50,121.837007
186.23,50,121.855984
186.28,50,121.876468
184.88,50,121.895155
186.28,50,121.915494
186.28,50,121.934311
186.28,50,121.95431
186.28,50,121.973369
186.28,50,121.993639
186.28,50,122.012641
185.03,50,122.031853
186.28,50,122.051852
186.28,50,122.070852
186.28,50,122.090646
185.03,50,122.110868
186.28,50,122.130945
184.88,50,122.149945
186.28,50,122.169946
186.28,50,122.189454
186.28,50,122.208795
186.28,50,122.228794
186.28,50,122.975247
186.28,50,122.995247
186.28,50,123.014955
186.28,50,123.036574
186.28,50,123.056325
186.28,50,123.07552
186.28,50,123.094525
186.28,50,123.114525
186.28,50,123.133677
186.28,50,123.153676
186.28,50,123.177677
186.28,50,123.196677
186.23,50,123.215676
186.28,50,123.235677
186.28,50,123.254676
186.23,50,123.273676
186.28,50,123.293676
186.28,50,123.312676
186.28,50,123.331676
186.28,50,123.351676
186.28,50,123.370718
186.28,50,123.390676
186.28,50,123.409649
186.28,50,123.42934
186.28,50,123.44887
186.28,50,123.467906
186.28,50,123.48687
186.28,50,123.506872
186.28,50,123.526668
186.28,50,123.545508
186.28,50,123.565508
186.28,50,123.584151
186.28,50,123.603916
186.28,50,123.623916
186.28,50,123.642919
186.28,50,123.662469
185.03,50,123.681892
186.28,50,123.701892
186.28,50,123.720893
186.28,50,123.739892
186.28,50,123.759173
186.28,50,124.496297
186.28,50,124.515726
186.28,50,124.534722
186.28,50,124.554721
186.28,50,124.573722
186.28,50,124.593722
186.28,50,124.612723
186.28,50,124.631721
186.28,50,124.651753
186.28,50,124.671839
186.28,50,124.690814
186.28,50,124.710817
186.23,50,124.729815
186.28,50,124.749872
186.28,50,124.769063
186.28,50,124.789068
186.28,50,124.808067
186.28,50,124.827067
186.28,50,124.847066
186.28,50,124.866376
186.28,50,124.88538
186.28,50,124.90538
185.03,50,124.924381
186.28,50,124.944522
186.28,50,124.963388
186.28,50,124.983066
186.28,50,125.002211
186.28,50,125.02221
186.28,50,125.041762
186.28,50,125.063664
186.28,50,125.084814
186.28,50,125.103796
186.28,50,125.123797
185.03,50,125.144145
186.28,50,125.163877
186.28,50,125.182878
186.28,50,125.202875
186.23,50,125.221354
186.28,50,125.241595
186.28,50,125.2604
186.28,50,125.280399
186.28,50,126.046189
186.28,50,126.066512
186.28,50,126.085827
186.28,50,126.105826
186.28,50,126.125848
186.28,50,126.146832
186.28,50,126.166283
186.28,50,126.186284
186.28,50,126.205282
186.28,50,126.225283
186.28,50,126.245282
186.28,50,126.265283
186.28,50,126.285363
185.03,50,126.304392
186.28,50,126.324362
186.28,50,126.34436
186.28,50,126.363614
186.28,50,126.383867
186.28,50,126.403404
185.13,50,126.422955
186.28,50,126.443956
186.28,50,126.463957
186.28,50,126.483957
186.28,50,126.505517
186.28,50,126.525619
186.23,50,126.545621
186.28,50,126.565335
186.28,50,126.585307
186.28,50,126.606307
186.28,50,126.625609
186.23,50,126.646091
186.28,50,126.666154
186.28,50,126.68595
186.23,50,126.706949
183.83,50,126.72595
186.28,50,126.745949
186.28,50,126.765971
184.88,50,126.785951
186.28,50,126.806187
186.28,50,126.828089
186.28,50,126.848089
186.28,50,127.591934
186.28,50,127.611918
186.28,50,127.632206
186.28,50,127.652325
184.98,50,127.673019
186.28,50,127.69302
186.28,50,127.712795
186.28,50,127.733771
186.23,50,127.754244
186.28,50,127.7739
186.23,50,127.794901
186.28,50,127.8139
185.03,50,127.8339
186.28,50,127.8539
186.28,50,127.874074
186.28,50,127.894074
186.28,50,127.915208
186.23,50,127.935209
186.28,50,127.955215
186.28,50,127.975208
186.28,50,127.995208
186.28,50,128.015208
186.28,50,128.035208
186.28,50,128.056355
186.28,50,128.076357
186.28,50,128.097672
185.13,50,128.118576
186.28,50,128.137755
186.28,50,128.159384
186.28,50,128.179383
186.28,50,128.199382
186.28,50,128.220383
186.28,50,128.240704
183.98,50,128.260515
186.28,50,128.279874
186.28,50,128.300714
186.28,50,128.319853
186.28,50,128.342856
186.28,50,128.362876
186.28,50,128.382379
186.28,50,128.402378
186.28,50,129.166357
186.28,50,129.185358
186.28,50,129.205532
186.28,50,129.225753
186.28,50,129.245471
186.28,50,129.264475
186.28,50,129.284757
186.28,50,129.304639
186.28,50,129.323643
186.28,50,129.343348
186.28,50,129.362348
186.28,50,129.382348
186.28,50,129.401347
186.28,50,129.420348
186.28,50,129.440313
186.28,50,129.459313
186.28,50,129.478312
186.28,50,129.498312
186.28,50,129.517313
186.28,50,129.53779
185.13,50,129.556805
186.28,50,129.576123
185.13,50,129.596144
186.28,50,129.615123
186.28,50,129.634126
186.28,50,129.654123
186.28,50,129.673123
186.28,50,129.692677
186.28,50,129.712677
186.28,50,129.731727
186.28,50,129.751214
186.28,50,129.770494
186.28,50,129.790909
186.23,50,129.810909
186.28,50,129.829469
186.28,50,129.850198
186.28,50,129.870199
186.28,50,129.889199
186.28,50,129.9092
186.28,50,129.928199
185.03,50,129.9472
186.28,50,130.680167
186.28,50,130.699323
186.28,50,130.719468
186.28,50,130.739148
186.28,50,130.75815
186.28,50,130.777543
185.08,50,130.797543
186.28,50,130.817543
186.28,50,130.836543
185.08,50,130.856544
186.28,50,130.875758
186.28,50,130.894743
186.28,50,130.914752
186.28,50,130.933744
186.28,50,130.953744
186.28,50,130.972743
186.28,50,130.991744
186.28,50,131.011745
186.28,50,131.030743
186.28,50,131.049746
186.28,50,131.070031
186.28,50,131.089041
186.28,50,131.108412
186.28,50,131.128256
186.28,50,131.147267
186.28,50,131.166341
186.28,50,131.187267
185.13,50,131.20657
186.28,50,131.226696
186.28,50,131.246633
186.28,50,131.266198
186.28,50,131.285182
186.28,50,131.305397
186.28,50,131.324398
186.28,50,131.343719
185.03,50,131.363719
186.28,50,131.384218
186.28,50,131.403372
186.28,50,131.422585
186.28,50,131.44191
186.23,50,131.460711
186.28,50,132.204628
186.28,50,132.226645
186.28,50,132.246863
186.28,50,132.265896
186.28,50,132.285862
186.28,50,132.30507
186.28,50,132.325047
186.28,50,132.343817
186.28,50,132.364817
185.13,50,132.384372
186.28,50,132.4029
186.28,50,132.422898
186.28,50,132.441898
186.28,50,132.461898
186.28,50,132.480898
186.28,50,132.499898
186.28,50,132.519379
186.23,50,132.539378
186.28,50,132.558379
186.28,50,132.577537
186.28,50,132.597572
186.28,50,132.617571
186.28,50,132.63557
186.28,50,132.655571
186.28,50,132.674571
186.28,50,132.694571
185.03,50,132.714571
186.23,50,132.733572
186.28,50,132.753603
186.28,50,132.772601
186.28,50,132.791603
186.28,50,132.81134
186.28,50,132.83034
186.28,50,132.849643
186.28,50,132.869569
186.28,50,132.889244
186.28,50,132.910244
186.28,50,132.929245
186.28,50,132.949245
186.28,50,132.968582
184.88,50,132.988692
186.28,50,133.743754
186.28,50,133.763755
186.28,50,133.783389
186.28,50,133.803387
186.28,50,133.823388
186.28,50,133.843388
186.28,50,133.863387
186.28,50,133.883389
186.28,50,133.903389
186.28,50,133.924388
186.28,50,133.943388
186.28,50,133.963388
186.28,50,133.982388
185.13,50,134.004388
186.28,50,134.023387
186.28,50,134.043026
186.28,50,134.063796
186.28,50,134.083797
186.28,50,134.102844
186.28,50,134.122845
186.28,50,134.141845
186.28,50,134.161845
186.28,50,134.180886
186.28,50,134.200653
186.28,50,134.220653
186.28,50,134.241687
186.28,50,134.260653
185.03,50,134.280811
186.28,50,134.301135
186.28,50,134.321133
186.28,50,134.340595
186.28,50,134.362196
186.28,50,134.379899
185.08,50,134.395901
186.28,50,134.418257
186.28,50,134.436257
186.28,50,134.453963
186.28,50,134.470977
186.28,50,134.487784
186.28,50,134.504258
186.28,50,134.521261
186.28,50,135.272148
186.28,50,135.293562
186.28,50,135.314561
186.28,50,135.334561
186.28,50,135.354562
186.28,50,135.37523
186.28,50,135.395694
186.28,50,135.417018
186.28,50,135.438232
183.88,50,135.458239
186.28,50,135.480238
186.28,50,135.49925
186.28,50,135.518238
186.28,50,135.538467
186.28,50,135.558469
186.28,50,135.578468
186.28,50,135.598336
186.28,50,135.617337
186.28,50,135.636415
186.28,50,135.656545
186.28,50,135.678749
186.28,50,135.698747
186.28,50,135.718747
186.28,50,135.737747
186.28,50,135.757747
186.28,50,135.777748
186.28,50,135.798188
186.28,50,135.818192
186.28,50,135.838191
186.28,50,135.859192
186.28,50,135.879485
186.28,50,135.900104
183.73,50,135.921306
186.28,50,135.941445
186.28,50,135.961449
186.28,50,135.980449
186.28,50,136.00045
185.03,50,136.020449
186.28,50,136.040087
186.28,50,136.059089
186.28,50,136.080087
186.28,50,136.957477
186.28,50,136.978489
186.28,50,136.998477
186.28,50,137.019478
186.28,50,137.040478
186.28,50,137.061479
186.28,50,137.082477
186.28,50,137.102477
186.28,50,137.122477
185.08,50,137.142723
186.28,50,137.163736
186.28,50,137.183734
186.28,50,137.204734
186.28,50,137.224738
186.28,50,137.246043
186.28,50,137.26526
186.28,50,137.283981
186.28,50,137.304882
186.28,50,137.324013
186.28,50,137.344013
186.28,50,137.363013
186.28,50,137.382858
186.28,50,137.402629
186.23,50,137.421926
186.28,50,137.443927
186.28,50,137.463574
186.28,50,137.483418
186.28,50,137.503418
186.28,50,137.522418
186.28,50,137.542454
186.28,50,137.56142
186.28,50,137.581428
186.28,50,137.600418
186.28,50,137.620418
186.28,50,137.639848
186.28,50,137.658891
186.28,50,137.680912
186.28,50,137.699912
186.28,50,137.719663
184.98,50,137.738873
186.28,50,137.758877
186.28,50,138.503991
186.23,50,138.523183
186.28,50,138.542187
186.28,50,138.561352
186.28,50,138.580928
186.28,50,138.600892
186.28,50,138.620893
186.28,50,138.640505
186.28,50,138.659508
186.28,50,138.679576
186.28,50,138.698907
186.28,50,138.718299
186.28,50,138.737418
186.28,50,138.758055
186.28,50,138.780269
186.28,50,138.79987
186.28,50,138.818868
186.28,50,138.839226
186.28,50,138.858382
186.28,50,138.878387
186.28,50,138.898386
186.28,50,138.917387
186.28,50,138.937095
186.28,50,138.960146
186.28,50,138.97914
186.28,50,138.99914
186.28,50,139.018139
186.28,50,139.038138
186.28,50,139.057117
186.28,50,139.075857
186.28,50,139.095005
186.28,50,139.115004
186.28,50,139.134004
186.28,50,139.153005
186.28,50,139.173231
186.28,50,139.192479
186.28,50,139.211798
186.28,50,139.230798
186.28,50,139.251222
186.28,50,139.270407
186.28,50,139.290407
185.03,50,140.050394
186.28,50,140.070402
186.28,50,140.091727
186.28,50,140.111216
186.28,50,140.131577
186.28,50,140.150802
186.28,50,140.170803
186.28,50,140.189802
186.28,50,140.210803
186.28,50,140.229801
186.28,50,140.249807
186.28,50,140.269781
186.28,50,140.290215
186.28,50,140.310214
186.28,50,140.329215
186.28,50,140.349214
186.28,50,140.368245
186.28,50,140.388231
186.28,50,140.408108
186.28,50,140.427471
186.28,50,140.447471
186.28,50,140.468472
186.28,50,140.488472
186.28,50,140.507472
186.28,50,140.526473
186.28,50,140.546003
186.28,50,140.566007
186.28,50,140.585007
186.28,50,140.605028
185.13,50,140.624008
186.28,50,140.643007
186.28,50,140.663007
186.28,50,140.682007
186.28,50,140.702096
186.23,50,140.721877
186.28,50,140.742972
186.28,50,140.762972
186.28,50,140.785064
186.28,50,140.805047
186.28,50,140.824114
186.28,50,140.844252
186.28,50,141.616956
186.28,50,141.636952
186.28,50,141.657709
186.28,50,141.678121
186.28,50,141.698122
186.28,50,141.719122
186.28,50,141.739179
186.28,50,141.75918
186.28,50,141.780251
186.28,50,141.800291
186.28,50,141.821293
186.28,50,141.841292
186.28,50,141.862291
186.28,50,141.882291
185.13,50,141.90229
186.28,50,141.922309
186.28,50,141.942291
186.28,50,141.963691
186.28,50,141.984467
186.28,50,142.00577
186.28,50,142.025993
186.28,50,142.045992
186.28,50,142.065992
186.28,50,142.088021
186.28,50,142.108147
186.28,50,142.129148
186.28,50,142.148147
186.28,50,142.168148
186.28,50,142.189148
186.28,50,142.208147
186.28,50,142.228147
186.28,50,142.24915
186.28,50,142.269165
185.03,50,142.289173
186.28,50,142.31028
186.28,50,142.330279
186.28,50,142.352013
186.28,50,142.371016
185.13,50,142.390966
186.28,50,142.411066
186.28,50,143.177899
186.28,50,143.198894
186.28,50,143.218894
186.28,50,143.238894
186.28,50,143.259894
186.28,50,143.2796
186.28,50,143.299602
186.28,50,143.319601
186.28,50,143.339601
186.28,50,143.360601
186.28,50,143.380601
186.28,50,143.400293
185.08,50,143.42433
186.28,50,143.446415
186.28,50,143.463642
186.28,50,143.484643
186.28,50,143.50087
186.28,50,143.519243
185.08,50,143.536056
186.28,50,143.554407
186.28,50,143.570328
186.28,50,143.589286
186.28,50,143.605285
186.28,50,143.623701
186.28,50,143.640859
186.28,50,143.656908
186.28,50,143.678427
186.28,50,143.698995
186.28,50,143.717995
186.28,50,143.738728
186.28,50,143.758729
186.28,50,143.779408
186.28,50,143.799365
186.28,50,143.818365
186.28,50,143.840365
186.28,50,143.860661
186.28,50,143.879964
186.28,50,143.900739
186.23,50,143.920428
185.13,50,143.939429
186.28,50,143.959428
186.28,50,144.694878
186.28,50,144.714003
186.28,50,144.734004
186.28,50,144.755004
186.28,50,144.776005
186.28,50,144.797004
186.28,50,144.816517
186.28,50,144.835517
186.28,50,144.855685
186.28,50,144.877685
186.28,50,144.898685
185.08,50,144.919685
186.28,50,144.939689
186.28,50,144.960686
186.28,50,144.980689
186.28,50,145.002686
186.28,50,145.023914
186.28,50,145.043906
186.28,50,145.063906
186.28,50,145.083906
186.28,50,145.103785
186.28,50,145.124041
186.28,50,145.145041
186.28,50,145.16504
186.28,50,145.186041
186.28,50,145.206041
186.28,50,145.227427
186.28,50,145.247789
186.28,50,145.268789
186.28,50,145.288847
186.28,50,145.308973
186.28,50,145.328974
186.28,50,145.348973
186.28,50,145.368974
186.23,50,145.388973
186.28,50,145.408974
186.19,50,145.430421
186.28,50,145.452689
186.28,50,145.472793
186.28,50,145.492793
186.28,50,145.513794
186.28,50,146.250937
186.23,50,146.271936
186.28,50,146.292937
184.88,50,146.312078
186.28,50,146.333152
186.28,50,146.354154
186.28,50,146.375154
186.28,50,146.39554
186.28,50,146.417541
186.28,50,146.436938
186.28,50,146.454371
186.28,50,146.472371
186.28,50,146.49117
185.03,50,146.512374
185.03,50,146.530382
186.28,50,146.54879
186.28,50,146.566854
186.28,50,146.58578
186.28,50,146.60378
186.28,50,146.622326
185.13,50,146.639737
185.13,50,146.662462
186.28,50,146.685009
186.28,50,146.703309
186.28,50,146.721281
186.28,50,146.738674
186.28,50,146.756844
186.28,50,146.774641
186.28,50,146.791698
186.28,50,146.810471
186.28,50,146.827424
186.28,50,146.845642
186.28,50,146.865641
186.28,50,146.888783
186.28,50,146.908424
186.28,50,146.929425
186.28,50,146.949741
186.28,50,146.969769
186.28,50,146.991742
186.28,50,147.012154
186.28,50,147.034075
186.28,50,147.821269
186.28,50,147.843251
186.28,50,147.864251
184.98,50,147.886252
186.28,50,147.908252
186.28,50,147.928537
186.28,50,147.949568
186.28,50,147.971567
186.28,50,147.992567
186.28,50,148.012567
186.28,50,148.036566
186.28,50,148.057566
186.28,50,148.078581
186.28,50,148.098963
186.28,50,148.119962
186.28,50,148.141499
186.28,50,148.16212
186.28,50,148.182962
186.28,50,148.203892
186.28,50,148.225899
186.28,50,148.245896
186.28,50,148.267931
186.28,50,148.28893
186.28,50,148.309956
186.28,50,148.335789
186.28,50,148.356789
186.28,50,148.377793
186.28,50,148.39801
186.28,50,148.417883
186.28,50,148.436913
185.08,50,148.456916
186.28,50,148.476585
186.28,50,148.495702
186.28,50,148.516416
186.28,50,148.53576
186.28,50,148.555307
186.28,50,148.574291
186.28,50,148.594404
186.28,50,148.61429
186.28,50,148.63329
186.28,50,148.654279
186.28,50,149.420058
186.28,50,149.440969
186.23,50,149.461129
186.28,50,149.480637
186.28,50,149.500804
186.28,50,149.521143
186.28,50,149.544938
186.28,50,149.566938
186.28,50,149.586939
186.28,50,149.606406
186.28,50,149.626406
186.28,50,149.646186
186.28,50,149.666185
186.28,50,149.686394
186.28,50,149.706394
186.28,50,149.726443
186.28,50,149.746443
184.88,50,149.766442
186.28,50,149.785442
186.28,50,149.807442
186.28,50,149.827446
186.28,50,149.847354
186.28,50,149.867354
186.28,50,149.887341
186.28,50,149.906342
186.28,50,149.926339
186.28,50,149.94634
186.28,50,149.966339
186.28,50,149.985343
186.28,50,150.005339
186.28,50,150.025611
186.23,50,150.044813
186.28,50,150.065133
186.28,50,150.085133
186.28,50,150.105134
186.28,50,150.125134
186.28,50,150.145134
186.28,50,150.164133
186.28,50,150.184134
186.28,50,150.204527
186.28,50,150.223674
186.28,50,150.983101
186.28,50,151.003101
186.28,50,151.022101
186.23,50,151.043744
186.28,50,151.063782
186.28,50,151.084079
186.28,50,151.10308
186.28,50,151.122409
185.08,50,151.14241
186.28,50,151.162735
186.28,50,151.181735
186.28,50,151.201764
186.28,50,151.221277
186.28,50,151.241533
186.28,50,151.260641
186.28,50,151.281645
186.28,50,151.301243
186.28,50,151.320518
186.28,50,151.340518
186.28,50,151.360517
186.28,50,151.380543
186.28,50,151.400517
186.28,50,151.419517
186.28,50,151.440345
186.28,50,151.460065
186.28,50,151.480065
186.28,50,151.499979
186.28,50,151.519215
186.28,50,151.539214
186.28,50,151.55845
186.28,50,151.581094
186.28,50,151.602117
186.28,50,151.622092
186.28,50,151.642092
186.28,50,151.6615
186.28,50,151.681762
186.28,50,151.701761
186.28,50,151.720761
185.03,50,151.741488
186.28,50,151.760488
186.28,50,151.780489
186.28,50,152.553416
186.28,50,152.577416
186.28,50,152.597415
186.28,50,152.618416
186.28,50,152.638414
186.28,50,152.660561
186.28,50,152.682108
186.28,50,152.703965
186.28,50,152.723963
186.28,50,152.74496
186.28,50,152.765966
186.28,50,152.787961
186.28,50,152.808202
186.28,50,152.829947
186.28,50,152.851093
186.28,50,152.87295
186.28,50,152.893406
186.28,50,152.913407
186.28,50,152.935719
186.28,50,152.956719
186.28,50,152.977719
186.23,50,152.997718
186.28,50,153.018718
186.28,50,153.03897
186.28,50,153.060364
185.08,50,153.080362
186.28,50,153.101362
186.28,50,153.122364
186.28,50,153.143844
186.28,50,153.164844
186.28,50,153.186828
186.28,50,153.207564
186.28,50,153.227846
186.28,50,153.247847
186.28,50,153.268846
186.28,50,153.289845
186.28,50,153.309846
186.28,50,153.331846
186.28,50,153.352846
186.28,50,153.374846
186.28,50,153.394845
186.28,50,154.182625
186.28,50,154.203624
186.28,50,154.224625
185.08,50,154.246111
186.28,50,154.267111
186.28,50,154.286654
186.28,50,154.30766
186.28,50,154.329659
186.28,50,154.350843
186.28,50,154.371843
186.28,50,154.392844
186.28,50,154.413843
186.28,50,154.433843
186.28,50,154.454347
186.28,50,154.474837
186.28,50,154.49586
186.28,50,154.516837
186.28,50,154.537838
186.28,50,154.558836
186.28,50,154.57935
186.28,50,154.599939
186.28,50,154.622128
186.28,50,154.642183
186.28,50,154.664183
186.28,50,154.684182
186.23,50,154.705693
186.28,50,154.726694
186.28,50,154.746696
186.28,50,154.768038
186.28,50,154.788036
186.28,50,154.810037
186.28,50,154.831038
186.28,50,154.852054
186.28,50,154.871701
186.28,50,154.892749
186.28,50,154.91391
186.28,50,154.934904
186.28,50,154.954905
184.98,50,154.976907
186.28,50,154.998127
186.28,50,155.018375
186.28,50,155.802285
186.28,50,155.82329
186.28,50,155.844286
186.28,50,155.864285
186.28,50,155.887285
186.28,50,155.90865
186.28,50,155.92965
186.28,50,155.948651
186.28,50,155.97065
186.28,50,155.991651
186.28,50,156.012417
186.28,50,156.034417
186.28,50,156.055417
186.28,50,156.075417
186.28,50,156.096417
186.28,50,156.116417
186.28,50,156.135817
185.03,50,156.155817
186.28,50,156.174824
186.28,50,156.193831
186.28,50,156.213816
186.28,50,156.233817
186.28,50,156.253164
186.28,50,156.273254
186.28,50,156.293252
186.28,50,156.312055
186.28,50,156.332055
186.28,50,156.351402
186.28,50,156.371423
186.28,50,156.39139
186.28,50,156.410849
186.28,50,156.431849
186.28,50,156.451421
186.28,50,156.471542
186.28,50,156.491367
186.28,50,156.512365
186.28,50,156.531367
186.23,50,156.551367
186.28,50,156.571367
186.28,50,156.591366
186.28,50,156.611366
